original;canonico
Aclive;Aclive
"Aclive;Curva";"Aclive;Curva"
"Curva;Aclive";"Aclive;Curva"
"Desvio Temporário;Aclive;Curva";"Aclive;Curva;Desvio Temporário"
"Desvio Temporário;Curva;Aclive";"Aclive;Curva;Desvio Temporário"
"Desvio Temporário;Em Obras;Aclive;Curva";"Aclive;Curva;Desvio Temporário;Em Obras"
"Curva;Aclive;Desvio Temporário;Em Obras";"Aclive;Curva;Desvio Temporário;Em Obras"
"Desvio Temporário;Aclive;Curva;Em Obras";"Aclive;Curva;Desvio Temporário;Em Obras"
"Curva;Desvio Temporário;Em Obras;Aclive";"Aclive;Curva;Desvio Temporário;Em Obras"
"Aclive;Desvio Temporário;Ponte;Curva";"Aclive;Curva;Desvio Temporário;Ponte"
"Aclive;Em Obras;Curva";"Aclive;Curva;Em Obras"
"Em Obras;Aclive;Curva";"Aclive;Curva;Em Obras"
"Curva;Aclive;Em Obras";"Aclive;Curva;Em Obras"
"Aclive;Curva;Em Obras";"Aclive;Curva;Em Obras"
"Em Obras;Curva;Aclive";"Aclive;Curva;Em Obras"
"Aclive;Curva;Interseção de Vias;Em Obras";"Aclive;Curva;Em Obras;Interseção de Vias"
"Aclive;Interseção de Vias;Em Obras;Curva";"Aclive;Curva;Em Obras;Interseção de Vias"
"Em Obras;Aclive;Curva;Retorno Regulamentado";"Aclive;Curva;Em Obras;Retorno Regulamentado"
"Interseção de Vias;Curva;Aclive";"Aclive;Curva;Interseção de Vias"
"Interseção de Vias;Aclive;Curva";"Aclive;Curva;Interseção de Vias"
"Aclive;Curva;Interseção de Vias";"Aclive;Curva;Interseção de Vias"
"Aclive;Interseção de Vias;Curva";"Aclive;Curva;Interseção de Vias"
"Curva;Aclive;Interseção de Vias";"Aclive;Curva;Interseção de Vias"
"Curva;Interseção de Vias;Aclive";"Aclive;Curva;Interseção de Vias"
"Interseção de Vias;Ponte;Curva;Aclive;Viaduto";"Aclive;Curva;Interseção de Vias;Ponte;Viaduto"
"Retorno Regulamentado;Interseção de Vias;Aclive;Curva";"Aclive;Curva;Interseção de Vias;Retorno Regulamentado"
"Curva;Interseção de Vias;Aclive;Rotatória";"Aclive;Curva;Interseção de Vias;Rotatória"
"Interseção de Vias;Curva;Aclive;Rotatória";"Aclive;Curva;Interseção de Vias;Rotatória"
"Aclive;Curva;Interseção de Vias;Rotatória";"Aclive;Curva;Interseção de Vias;Rotatória"
"Curva;Aclive;Ponte";"Aclive;Curva;Ponte"
"Aclive;Curva;Ponte";"Aclive;Curva;Ponte"
"Ponte;Curva;Aclive";"Aclive;Curva;Ponte"
"Ponte;Aclive;Curva";"Aclive;Curva;Ponte"
"Aclive;Curva;Retorno Regulamentado";"Aclive;Curva;Retorno Regulamentado"
"Aclive;Retorno Regulamentado;Curva";"Aclive;Curva;Retorno Regulamentado"
"Curva;Aclive;Retorno Regulamentado";"Aclive;Curva;Retorno Regulamentado"
"Retorno Regulamentado;Curva;Aclive";"Aclive;Curva;Retorno Regulamentado"
"Curva;Retorno Regulamentado;Aclive";"Aclive;Curva;Retorno Regulamentado"
"Retorno Regulamentado;Aclive;Curva";"Aclive;Curva;Retorno Regulamentado"
"Retorno Regulamentado;Aclive;Viaduto;Curva";"Aclive;Curva;Retorno Regulamentado;Viaduto"
"Curva;Aclive;Retorno Regulamentado;Viaduto";"Aclive;Curva;Retorno Regulamentado;Viaduto"
"Rotatória;Aclive;Curva";"Aclive;Curva;Rotatória"
"Curva;Rotatória;Aclive";"Aclive;Curva;Rotatória"
"Curva;Aclive;Rotatória";"Aclive;Curva;Rotatória"
"Aclive;Curva;Rotatória";"Aclive;Curva;Rotatória"
"Aclive;Curva;Túnel";"Aclive;Curva;Túnel"
"Aclive;Curva;Viaduto";"Aclive;Curva;Viaduto"
"Curva;Viaduto;Aclive";"Aclive;Curva;Viaduto"
"Viaduto;Aclive;Curva";"Aclive;Curva;Viaduto"
"Curva;Aclive;Viaduto";"Aclive;Curva;Viaduto"
"Aclive;Viaduto;Curva";"Aclive;Curva;Viaduto"
"Viaduto;Curva;Aclive";"Aclive;Curva;Viaduto"
"Desvio Temporário;Aclive";"Aclive;Desvio Temporário"
"Desvio Temporário;Em Obras;Aclive";"Aclive;Desvio Temporário;Em Obras"
"Desvio Temporário;Aclive;Em Obras";"Aclive;Desvio Temporário;Em Obras"
"Em Obras;Desvio Temporário;Aclive";"Aclive;Desvio Temporário;Em Obras"
"Aclive;Em Obras;Desvio Temporário";"Aclive;Desvio Temporário;Em Obras"
"Reta;Aclive;Desvio Temporário;Em Obras";"Aclive;Desvio Temporário;Em Obras;Reta"
"Reta;Desvio Temporário;Aclive;Em Obras";"Aclive;Desvio Temporário;Em Obras;Reta"
"Desvio Temporário;Em Obras;Reta;Aclive";"Aclive;Desvio Temporário;Em Obras;Reta"
"Desvio Temporário;Reta;Em Obras;Aclive";"Aclive;Desvio Temporário;Em Obras;Reta"
"Reta;Desvio Temporário;Em Obras;Aclive";"Aclive;Desvio Temporário;Em Obras;Reta"
"Reta;Aclive;Em Obras;Desvio Temporário";"Aclive;Desvio Temporário;Em Obras;Reta"
"Reta;Em Obras;Aclive;Desvio Temporário";"Aclive;Desvio Temporário;Em Obras;Reta"
"Em Obras;Aclive;Desvio Temporário;Reta";"Aclive;Desvio Temporário;Em Obras;Reta"
"Aclive;Desvio Temporário;Em Obras;Reta";"Aclive;Desvio Temporário;Em Obras;Reta"
"Aclive;Em Obras";"Aclive;Em Obras"
"Em Obras;Aclive";"Aclive;Em Obras"
"Interseção de Vias;Aclive;Em Obras;Reta";"Aclive;Em Obras;Interseção de Vias;Reta"
"Interseção de Vias;Reta;Aclive;Em Obras";"Aclive;Em Obras;Interseção de Vias;Reta"
"Em Obras;Retorno Regulamentado;Aclive;Interseção de Vias";"Aclive;Em Obras;Interseção de Vias;Retorno Regulamentado"
"Aclive;Reta;Em Obras";"Aclive;Em Obras;Reta"
"Reta;Aclive;Em Obras";"Aclive;Em Obras;Reta"
"Em Obras;Aclive;Reta";"Aclive;Em Obras;Reta"
"Em Obras;Reta;Aclive";"Aclive;Em Obras;Reta"
"Reta;Em Obras;Aclive";"Aclive;Em Obras;Reta"
"Aclive;Em Obras;Reta";"Aclive;Em Obras;Reta"
"Em Obras;Aclive;Viaduto;Reta";"Aclive;Em Obras;Reta;Viaduto"
"Reta;Aclive;Em Obras;Viaduto";"Aclive;Em Obras;Reta;Viaduto"
"Retorno Regulamentado;Aclive;Em Obras";"Aclive;Em Obras;Retorno Regulamentado"
"Em Obras;Aclive;Rotatória";"Aclive;Em Obras;Rotatória"
"Aclive;Interseção de Vias";"Aclive;Interseção de Vias"
"Interseção de Vias;Aclive";"Aclive;Interseção de Vias"
"Aclive;Reta;Interseção de Vias";"Aclive;Interseção de Vias;Reta"
"Interseção de Vias;Aclive;Reta";"Aclive;Interseção de Vias;Reta"
"Aclive;Interseção de Vias;Reta";"Aclive;Interseção de Vias;Reta"
"Reta;Aclive;Interseção de Vias";"Aclive;Interseção de Vias;Reta"
"Interseção de Vias;Reta;Aclive";"Aclive;Interseção de Vias;Reta"
"Reta;Interseção de Vias;Aclive";"Aclive;Interseção de Vias;Reta"
"Aclive;Reta;Retorno Regulamentado;Interseção de Vias";"Aclive;Interseção de Vias;Reta;Retorno Regulamentado"
"Aclive;Interseção de Vias;Reta;Retorno Regulamentado";"Aclive;Interseção de Vias;Reta;Retorno Regulamentado"
"Aclive;Interseção de Vias;Retorno Regulamentado;Reta";"Aclive;Interseção de Vias;Reta;Retorno Regulamentado"
"Retorno Regulamentado;Interseção de Vias;Aclive;Reta";"Aclive;Interseção de Vias;Reta;Retorno Regulamentado"
"Reta;Aclive;Interseção de Vias;Retorno Regulamentado";"Aclive;Interseção de Vias;Reta;Retorno Regulamentado"
"Interseção de Vias;Retorno Regulamentado;Aclive;Reta";"Aclive;Interseção de Vias;Reta;Retorno Regulamentado"
"Interseção de Vias;Retorno Regulamentado;Reta;Aclive";"Aclive;Interseção de Vias;Reta;Retorno Regulamentado"
"Retorno Regulamentado;Reta;Interseção de Vias;Aclive";"Aclive;Interseção de Vias;Reta;Retorno Regulamentado"
"Retorno Regulamentado;Interseção de Vias;Aclive;Reta;Rotatória";"Aclive;Interseção de Vias;Reta;Retorno Regulamentado;Rotatória"
"Rotatória;Reta;Aclive;Interseção de Vias;Retorno Regulamentado";"Aclive;Interseção de Vias;Reta;Retorno Regulamentado;Rotatória"
"Rotatória;Reta;Interseção de Vias;Aclive";"Aclive;Interseção de Vias;Reta;Rotatória"
"Interseção de Vias;Reta;Rotatória;Aclive";"Aclive;Interseção de Vias;Reta;Rotatória"
"Reta;Aclive;Interseção de Vias;Rotatória";"Aclive;Interseção de Vias;Reta;Rotatória"
"Interseção de Vias;Aclive;Reta;Rotatória";"Aclive;Interseção de Vias;Reta;Rotatória"
"Interseção de Vias;Reta;Viaduto;Aclive";"Aclive;Interseção de Vias;Reta;Viaduto"
"Reta;Aclive;Interseção de Vias;Viaduto";"Aclive;Interseção de Vias;Reta;Viaduto"
"Interseção de Vias;Aclive;Viaduto;Reta";"Aclive;Interseção de Vias;Reta;Viaduto"
"Retorno Regulamentado;Aclive;Interseção de Vias";"Aclive;Interseção de Vias;Retorno Regulamentado"
"Retorno Regulamentado;Interseção de Vias;Aclive;Viaduto";"Aclive;Interseção de Vias;Retorno Regulamentado;Viaduto"
"Aclive;Interseção de Vias;Rotatória";"Aclive;Interseção de Vias;Rotatória"
"Interseção de Vias;Rotatória;Aclive";"Aclive;Interseção de Vias;Rotatória"
"Aclive;Rotatória;Interseção de Vias";"Aclive;Interseção de Vias;Rotatória"
"Aclive;Viaduto;Interseção de Vias";"Aclive;Interseção de Vias;Viaduto"
"Aclive;Interseção de Vias;Viaduto";"Aclive;Interseção de Vias;Viaduto"
"Ponte;Aclive";"Aclive;Ponte"
"Reta;Aclive;Ponte";"Aclive;Ponte;Reta"
"Ponte;Reta;Aclive";"Aclive;Ponte;Reta"
"Aclive;Reta;Ponte";"Aclive;Ponte;Reta"
"Reta;Ponte;Aclive";"Aclive;Ponte;Reta"
"Aclive;Ponte;Reta";"Aclive;Ponte;Reta"
"Ponte;Aclive;Reta";"Aclive;Ponte;Reta"
"Aclive;Reta";"Aclive;Reta"
"Reta;Aclive";"Aclive;Reta"
"Retorno Regulamentado;Reta;Aclive";"Aclive;Reta;Retorno Regulamentado"
"Aclive;Retorno Regulamentado;Reta";"Aclive;Reta;Retorno Regulamentado"
"Retorno Regulamentado;Aclive;Reta";"Aclive;Reta;Retorno Regulamentado"
"Reta;Retorno Regulamentado;Aclive";"Aclive;Reta;Retorno Regulamentado"
"Reta;Aclive;Retorno Regulamentado";"Aclive;Reta;Retorno Regulamentado"
"Aclive;Reta;Retorno Regulamentado";"Aclive;Reta;Retorno Regulamentado"
"Reta;Retorno Regulamentado;Aclive;Rotatória";"Aclive;Reta;Retorno Regulamentado;Rotatória"
"Retorno Regulamentado;Rotatória;Aclive;Reta";"Aclive;Reta;Retorno Regulamentado;Rotatória"
"Reta;Aclive;Rotatória";"Aclive;Reta;Rotatória"
"Reta;Rotatória;Aclive";"Aclive;Reta;Rotatória"
"Aclive;Reta;Rotatória";"Aclive;Reta;Rotatória"
"Rotatória;Aclive;Reta";"Aclive;Reta;Rotatória"
"Túnel;Aclive;Reta";"Aclive;Reta;Túnel"
"Reta;Viaduto;Aclive";"Aclive;Reta;Viaduto"
"Aclive;Reta;Viaduto";"Aclive;Reta;Viaduto"
"Reta;Aclive;Viaduto";"Aclive;Reta;Viaduto"
"Aclive;Viaduto;Reta";"Aclive;Reta;Viaduto"
"Viaduto;Reta;Aclive";"Aclive;Reta;Viaduto"
"Viaduto;Aclive;Reta";"Aclive;Reta;Viaduto"
"Aclive;Retorno Regulamentado";"Aclive;Retorno Regulamentado"
"Retorno Regulamentado;Aclive";"Aclive;Retorno Regulamentado"
"Aclive;Rotatória";"Aclive;Rotatória"
"Rotatória;Aclive";"Aclive;Rotatória"
"Aclive;Viaduto";"Aclive;Viaduto"
"Viaduto;Aclive";"Aclive;Viaduto"
Curva;Curva
"Curva;Declive";"Curva;Declive"
"Declive;Curva";"Curva;Declive"
"Declive;Curva;Desvio Temporário";"Curva;Declive;Desvio Temporário"
"Desvio Temporário;Declive;Curva";"Curva;Declive;Desvio Temporário"
"Desvio Temporário;Em Obras;Declive;Curva";"Curva;Declive;Desvio Temporário;Em Obras"
"Declive;Curva;Em Obras";"Curva;Declive;Em Obras"
"Curva;Declive;Em Obras";"Curva;Declive;Em Obras"
"Em Obras;Curva;Declive";"Curva;Declive;Em Obras"
"Declive;Em Obras;Curva";"Curva;Declive;Em Obras"
"Em Obras;Declive;Curva";"Curva;Declive;Em Obras"
"Curva;Em Obras;Declive";"Curva;Declive;Em Obras"
"Curva;Em Obras;Viaduto;Declive";"Curva;Declive;Em Obras;Viaduto"
"Viaduto;Curva;Declive;Em Obras";"Curva;Declive;Em Obras;Viaduto"
"Interseção de Vias;Curva;Declive";"Curva;Declive;Interseção de Vias"
"Curva;Interseção de Vias;Declive";"Curva;Declive;Interseção de Vias"
"Interseção de Vias;Declive;Curva";"Curva;Declive;Interseção de Vias"
"Declive;Interseção de Vias;Curva";"Curva;Declive;Interseção de Vias"
"Curva;Declive;Interseção de Vias";"Curva;Declive;Interseção de Vias"
"Declive;Curva;Interseção de Vias";"Curva;Declive;Interseção de Vias"
"Interseção de Vias;Curva;Retorno Regulamentado;Declive";"Curva;Declive;Interseção de Vias;Retorno Regulamentado"
"Interseção de Vias;Retorno Regulamentado;Declive;Curva";"Curva;Declive;Interseção de Vias;Retorno Regulamentado"
"Retorno Regulamentado;Curva;Interseção de Vias;Declive";"Curva;Declive;Interseção de Vias;Retorno Regulamentado"
"Declive;Curva;Interseção de Vias;Retorno Regulamentado";"Curva;Declive;Interseção de Vias;Retorno Regulamentado"
"Retorno Regulamentado;Interseção de Vias;Curva;Rotatória;Viaduto;Declive";"Curva;Declive;Interseção de Vias;Retorno Regulamentado;Rotatória;Viaduto"
"Interseção de Vias;Declive;Rotatória;Curva";"Curva;Declive;Interseção de Vias;Rotatória"
"Curva;Rotatória;Interseção de Vias;Declive";"Curva;Declive;Interseção de Vias;Rotatória"
"Interseção de Vias;Rotatória;Declive;Curva";"Curva;Declive;Interseção de Vias;Rotatória"
"Curva;Rotatória;Declive;Interseção de Vias";"Curva;Declive;Interseção de Vias;Rotatória"
"Rotatória;Interseção de Vias;Declive;Curva";"Curva;Declive;Interseção de Vias;Rotatória"
"Declive;Interseção de Vias;Viaduto;Curva";"Curva;Declive;Interseção de Vias;Viaduto"
"Curva;Interseção de Vias;Viaduto;Declive";"Curva;Declive;Interseção de Vias;Viaduto"
"Curva;Viaduto;Declive;Interseção de Vias";"Curva;Declive;Interseção de Vias;Viaduto"
"Declive;Curva;Interseção de Vias;Viaduto";"Curva;Declive;Interseção de Vias;Viaduto"
"Curva;Declive;Interseção de Vias;Viaduto";"Curva;Declive;Interseção de Vias;Viaduto"
"Declive;Ponte;Curva";"Curva;Declive;Ponte"
"Ponte;Declive;Curva";"Curva;Declive;Ponte"
"Ponte;Curva;Declive";"Curva;Declive;Ponte"
"Curva;Ponte;Declive";"Curva;Declive;Ponte"
"Declive;Curva;Ponte";"Curva;Declive;Ponte"
"Retorno Regulamentado;Curva;Declive";"Curva;Declive;Retorno Regulamentado"
"Retorno Regulamentado;Declive;Curva";"Curva;Declive;Retorno Regulamentado"
"Curva;Retorno Regulamentado;Declive";"Curva;Declive;Retorno Regulamentado"
"Declive;Curva;Retorno Regulamentado";"Curva;Declive;Retorno Regulamentado"
"Curva;Declive;Retorno Regulamentado";"Curva;Declive;Retorno Regulamentado"
"Declive;Retorno Regulamentado;Curva";"Curva;Declive;Retorno Regulamentado"
"Rotatória;Retorno Regulamentado;Declive;Viaduto;Curva";"Curva;Declive;Retorno Regulamentado;Rotatória;Viaduto"
"Viaduto;Curva;Retorno Regulamentado;Declive";"Curva;Declive;Retorno Regulamentado;Viaduto"
"Declive;Curva;Rotatória";"Curva;Declive;Rotatória"
"Declive;Rotatória;Curva";"Curva;Declive;Rotatória"
"Curva;Declive;Rotatória";"Curva;Declive;Rotatória"
"Túnel;Declive;Curva";"Curva;Declive;Túnel"
"Declive;Viaduto;Curva";"Curva;Declive;Viaduto"
"Declive;Curva;Viaduto";"Curva;Declive;Viaduto"
"Curva;Declive;Viaduto";"Curva;Declive;Viaduto"
"Viaduto;Curva;Declive";"Curva;Declive;Viaduto"
"Curva;Viaduto;Declive";"Curva;Declive;Viaduto"
"Viaduto;Declive;Curva";"Curva;Declive;Viaduto"
"Desvio Temporário;Curva";"Curva;Desvio Temporário"
"Curva;Desvio Temporário";"Curva;Desvio Temporário"
"Em Obras;Desvio Temporário;Curva";"Curva;Desvio Temporário;Em Obras"
"Em Obras;Curva;Desvio Temporário";"Curva;Desvio Temporário;Em Obras"
"Curva;Desvio Temporário;Em Obras";"Curva;Desvio Temporário;Em Obras"
"Curva;Em Obras;Desvio Temporário";"Curva;Desvio Temporário;Em Obras"
"Desvio Temporário;Em Obras;Curva";"Curva;Desvio Temporário;Em Obras"
"Desvio Temporário;Curva;Em Obras";"Curva;Desvio Temporário;Em Obras"
"Interseção de Vias;Curva;Desvio Temporário;Em Obras";"Curva;Desvio Temporário;Em Obras;Interseção de Vias"
"Desvio Temporário;Interseção de Vias;Curva;Em Obras";"Curva;Desvio Temporário;Em Obras;Interseção de Vias"
"Curva;Interseção de Vias;Em Obras;Desvio Temporário";"Curva;Desvio Temporário;Em Obras;Interseção de Vias"
"Desvio Temporário;Interseção de Vias;Curva";"Curva;Desvio Temporário;Interseção de Vias"
"Em Obras;Curva";"Curva;Em Obras"
"Curva;Em Obras";"Curva;Em Obras"
"Curva;Interseção de Vias;Em Obras";"Curva;Em Obras;Interseção de Vias"
"Em Obras;Curva;Interseção de Vias";"Curva;Em Obras;Interseção de Vias"
"Interseção de Vias;Em Obras;Curva";"Curva;Em Obras;Interseção de Vias"
"Interseção de Vias;Retorno Regulamentado;Em Obras;Curva";"Curva;Em Obras;Interseção de Vias;Retorno Regulamentado"
"Em Obras;Ponte;Curva";"Curva;Em Obras;Ponte"
"Em Obras;Retorno Regulamentado;Curva";"Curva;Em Obras;Retorno Regulamentado"
"Curva;Rotatória;Em Obras";"Curva;Em Obras;Rotatória"
"Em Obras;Curva;Rotatória";"Curva;Em Obras;Rotatória"
"Curva;Viaduto;Em Obras";"Curva;Em Obras;Viaduto"
"Interseção de Vias;Curva";"Curva;Interseção de Vias"
"Curva;Interseção de Vias";"Curva;Interseção de Vias"
"Interseção de Vias;Ponte;Curva";"Curva;Interseção de Vias;Ponte"
"Interseção de Vias;Retorno Regulamentado;Curva";"Curva;Interseção de Vias;Retorno Regulamentado"
"Retorno Regulamentado;Interseção de Vias;Curva";"Curva;Interseção de Vias;Retorno Regulamentado"
"Curva;Retorno Regulamentado;Interseção de Vias";"Curva;Interseção de Vias;Retorno Regulamentado"
"Interseção de Vias;Curva;Retorno Regulamentado";"Curva;Interseção de Vias;Retorno Regulamentado"
"Retorno Regulamentado;Curva;Interseção de Vias";"Curva;Interseção de Vias;Retorno Regulamentado"
"Curva;Interseção de Vias;Retorno Regulamentado";"Curva;Interseção de Vias;Retorno Regulamentado"
"Retorno Regulamentado;Curva;Rotatória;Interseção de Vias";"Curva;Interseção de Vias;Retorno Regulamentado;Rotatória"
"Interseção de Vias;Rotatória;Retorno Regulamentado;Curva";"Curva;Interseção de Vias;Retorno Regulamentado;Rotatória"
"Retorno Regulamentado;Interseção de Vias;Viaduto;Curva";"Curva;Interseção de Vias;Retorno Regulamentado;Viaduto"
"Interseção de Vias;Viaduto;Retorno Regulamentado;Curva";"Curva;Interseção de Vias;Retorno Regulamentado;Viaduto"
"Interseção de Vias;Rotatória;Curva";"Curva;Interseção de Vias;Rotatória"
"Rotatória;Interseção de Vias;Curva";"Curva;Interseção de Vias;Rotatória"
"Rotatória;Curva;Interseção de Vias";"Curva;Interseção de Vias;Rotatória"
"Curva;Rotatória;Interseção de Vias";"Curva;Interseção de Vias;Rotatória"
"Curva;Interseção de Vias;Rotatória";"Curva;Interseção de Vias;Rotatória"
"Interseção de Vias;Curva;Rotatória";"Curva;Interseção de Vias;Rotatória"
"Curva;Rotatória;Interseção de Vias;Viaduto";"Curva;Interseção de Vias;Rotatória;Viaduto"
"Interseção de Vias;Curva;Rotatória;Viaduto";"Curva;Interseção de Vias;Rotatória;Viaduto"
"Interseção de Vias;Viaduto;Rotatória;Curva";"Curva;Interseção de Vias;Rotatória;Viaduto"
"Interseção de Vias;Túnel;Curva";"Curva;Interseção de Vias;Túnel"
"Viaduto;Curva;Interseção de Vias";"Curva;Interseção de Vias;Viaduto"
"Viaduto;Interseção de Vias;Curva";"Curva;Interseção de Vias;Viaduto"
"Curva;Viaduto;Interseção de Vias";"Curva;Interseção de Vias;Viaduto"
"Interseção de Vias;Viaduto;Curva";"Curva;Interseção de Vias;Viaduto"
"Interseção de Vias;Curva;Viaduto";"Curva;Interseção de Vias;Viaduto"
"Curva;Interseção de Vias;Viaduto";"Curva;Interseção de Vias;Viaduto"
"Ponte;Curva";"Curva;Ponte"
"Curva;Ponte";"Curva;Ponte"
"Viaduto;Curva;Ponte";"Curva;Ponte;Viaduto"
"Curva;Retorno Regulamentado";"Curva;Retorno Regulamentado"
"Retorno Regulamentado;Curva";"Curva;Retorno Regulamentado"
"Retorno Regulamentado;Rotatória;Curva";"Curva;Retorno Regulamentado;Rotatória"
"Rotatória;Retorno Regulamentado;Curva";"Curva;Retorno Regulamentado;Rotatória"
"Retorno Regulamentado;Curva;Rotatória";"Curva;Retorno Regulamentado;Rotatória"
"Retorno Regulamentado;Curva;Túnel;Viaduto";"Curva;Retorno Regulamentado;Túnel;Viaduto"
"Viaduto;Curva;Retorno Regulamentado";"Curva;Retorno Regulamentado;Viaduto"
"Retorno Regulamentado;Curva;Viaduto";"Curva;Retorno Regulamentado;Viaduto"
"Viaduto;Retorno Regulamentado;Curva";"Curva;Retorno Regulamentado;Viaduto"
"Curva;Retorno Regulamentado;Viaduto";"Curva;Retorno Regulamentado;Viaduto"
"Curva;Viaduto;Retorno Regulamentado";"Curva;Retorno Regulamentado;Viaduto"
"Rotatória;Curva";"Curva;Rotatória"
"Curva;Rotatória";"Curva;Rotatória"
"Rotatória;Viaduto;Curva";"Curva;Rotatória;Viaduto"
"Curva;Rotatória;Viaduto";"Curva;Rotatória;Viaduto"
"Curva;Viaduto;Rotatória";"Curva;Rotatória;Viaduto"
"Túnel;Curva";"Curva;Túnel"
"Curva;Túnel";"Curva;Túnel"
"Curva;Viaduto";"Curva;Viaduto"
"Viaduto;Curva";"Curva;Viaduto"
Declive;Declive
"Declive;Desvio Temporário";"Declive;Desvio Temporário"
"Desvio Temporário;Em Obras;Declive";"Declive;Desvio Temporário;Em Obras"
"Em Obras;Desvio Temporário;Declive";"Declive;Desvio Temporário;Em Obras"
"Desvio Temporário;Declive;Em Obras";"Declive;Desvio Temporário;Em Obras"
"Em Obras;Declive;Desvio Temporário";"Declive;Desvio Temporário;Em Obras"
"Reta;Em Obras;Declive;Desvio Temporário;Ponte";"Declive;Desvio Temporário;Em Obras;Ponte;Reta"
"Reta;Em Obras;Desvio Temporário;Declive";"Declive;Desvio Temporário;Em Obras;Reta"
"Desvio Temporário;Em Obras;Reta;Declive";"Declive;Desvio Temporário;Em Obras;Reta"
"Em Obras;Desvio Temporário;Reta;Declive";"Declive;Desvio Temporário;Em Obras;Reta"
"Reta;Em Obras;Declive;Desvio Temporário";"Declive;Desvio Temporário;Em Obras;Reta"
"Reta;Desvio Temporário;Declive;Em Obras";"Declive;Desvio Temporário;Em Obras;Reta"
"Desvio Temporário;Em Obras;Declive;Reta";"Declive;Desvio Temporário;Em Obras;Reta"
"Em Obras;Desvio Temporário;Declive;Reta";"Declive;Desvio Temporário;Em Obras;Reta"
"Reta;Declive;Em Obras;Desvio Temporário";"Declive;Desvio Temporário;Em Obras;Reta"
"Desvio Temporário;Em Obras;Viaduto;Declive";"Declive;Desvio Temporário;Em Obras;Viaduto"
"Desvio Temporário;Declive;Em Obras;Viaduto";"Declive;Desvio Temporário;Em Obras;Viaduto"
"Declive;Retorno Regulamentado;Interseção de Vias;Rotatória;Desvio Temporário";"Declive;Desvio Temporário;Interseção de Vias;Retorno Regulamentado;Rotatória"
"Desvio Temporário;Reta;Declive";"Declive;Desvio Temporário;Reta"
"Reta;Desvio Temporário;Declive";"Declive;Desvio Temporário;Reta"
"Reta;Declive;Desvio Temporário";"Declive;Desvio Temporário;Reta"
"Desvio Temporário;Declive;Reta";"Declive;Desvio Temporário;Reta"
"Declive;Reta;Desvio Temporário";"Declive;Desvio Temporário;Reta"
"Desvio Temporário;Declive;Viaduto;Reta";"Declive;Desvio Temporário;Reta;Viaduto"
"Em Obras;Declive";"Declive;Em Obras"
"Declive;Em Obras";"Declive;Em Obras"
"Declive;Interseção de Vias;Em Obras";"Declive;Em Obras;Interseção de Vias"
"Interseção de Vias;Declive;Em Obras";"Declive;Em Obras;Interseção de Vias"
"Interseção de Vias;Em Obras;Reta;Declive";"Declive;Em Obras;Interseção de Vias;Reta"
"Interseção de Vias;Reta;Declive;Em Obras";"Declive;Em Obras;Interseção de Vias;Reta"
"Interseção de Vias;Declive;Reta;Em Obras";"Declive;Em Obras;Interseção de Vias;Reta"
"Em Obras;Reta;Declive;Interseção de Vias";"Declive;Em Obras;Interseção de Vias;Reta"
"Reta;Declive;Interseção de Vias;Em Obras";"Declive;Em Obras;Interseção de Vias;Reta"
"Ponte;Reta;Declive;Em Obras";"Declive;Em Obras;Ponte;Reta"
"Ponte;Em Obras;Reta;Declive";"Declive;Em Obras;Ponte;Reta"
"Declive;Em Obras;Reta";"Declive;Em Obras;Reta"
"Em Obras;Declive;Reta";"Declive;Em Obras;Reta"
"Reta;Em Obras;Declive";"Declive;Em Obras;Reta"
"Reta;Declive;Em Obras";"Declive;Em Obras;Reta"
"Declive;Reta;Em Obras";"Declive;Em Obras;Reta"
"Em Obras;Reta;Declive";"Declive;Em Obras;Reta"
"Reta;Declive;Retorno Regulamentado;Em Obras";"Declive;Em Obras;Reta;Retorno Regulamentado"
"Em Obras;Declive;Reta;Rotatória";"Declive;Em Obras;Reta;Rotatória"
"Reta;Viaduto;Em Obras;Declive";"Declive;Em Obras;Reta;Viaduto"
"Reta;Declive;Em Obras;Viaduto";"Declive;Em Obras;Reta;Viaduto"
"Interseção de Vias;Declive";"Declive;Interseção de Vias"
"Declive;Interseção de Vias";"Declive;Interseção de Vias"
"Interseção de Vias;Declive;Reta";"Declive;Interseção de Vias;Reta"
"Declive;Reta;Interseção de Vias";"Declive;Interseção de Vias;Reta"
"Declive;Interseção de Vias;Reta";"Declive;Interseção de Vias;Reta"
"Reta;Declive;Interseção de Vias";"Declive;Interseção de Vias;Reta"
"Interseção de Vias;Reta;Declive";"Declive;Interseção de Vias;Reta"
"Reta;Interseção de Vias;Declive";"Declive;Interseção de Vias;Reta"
"Declive;Interseção de Vias;Retorno Regulamentado;Reta";"Declive;Interseção de Vias;Reta;Retorno Regulamentado"
"Retorno Regulamentado;Reta;Interseção de Vias;Declive";"Declive;Interseção de Vias;Reta;Retorno Regulamentado"
"Declive;Reta;Interseção de Vias;Retorno Regulamentado";"Declive;Interseção de Vias;Reta;Retorno Regulamentado"
"Reta;Declive;Retorno Regulamentado;Interseção de Vias";"Declive;Interseção de Vias;Reta;Retorno Regulamentado"
"Retorno Regulamentado;Interseção de Vias;Reta;Túnel;Declive";"Declive;Interseção de Vias;Reta;Retorno Regulamentado;Túnel"
"Interseção de Vias;Declive;Reta;Rotatória";"Declive;Interseção de Vias;Reta;Rotatória"
"Interseção de Vias;Rotatória;Reta;Declive";"Declive;Interseção de Vias;Reta;Rotatória"
"Declive;Interseção de Vias;Reta;Rotatória";"Declive;Interseção de Vias;Reta;Rotatória"
"Interseção de Vias;Túnel;Reta;Declive";"Declive;Interseção de Vias;Reta;Túnel"
"Declive;Reta;Viaduto;Interseção de Vias";"Declive;Interseção de Vias;Reta;Viaduto"
"Declive;Viaduto;Interseção de Vias;Reta";"Declive;Interseção de Vias;Reta;Viaduto"
"Reta;Interseção de Vias;Viaduto;Declive";"Declive;Interseção de Vias;Reta;Viaduto"
"Declive;Interseção de Vias;Viaduto;Reta";"Declive;Interseção de Vias;Reta;Viaduto"
"Reta;Viaduto;Interseção de Vias;Declive";"Declive;Interseção de Vias;Reta;Viaduto"
"Interseção de Vias;Declive;Reta;Viaduto";"Declive;Interseção de Vias;Reta;Viaduto"
"Declive;Interseção de Vias;Retorno Regulamentado";"Declive;Interseção de Vias;Retorno Regulamentado"
"Interseção de Vias;Retorno Regulamentado;Rotatória;Declive";"Declive;Interseção de Vias;Retorno Regulamentado;Rotatória"
"Retorno Regulamentado;Interseção de Vias;Viaduto;Rotatória;Declive";"Declive;Interseção de Vias;Retorno Regulamentado;Rotatória;Viaduto"
"Declive;Interseção de Vias;Retorno Regulamentado;Viaduto";"Declive;Interseção de Vias;Retorno Regulamentado;Viaduto"
"Rotatória;Interseção de Vias;Declive";"Declive;Interseção de Vias;Rotatória"
"Interseção de Vias;Declive;Rotatória";"Declive;Interseção de Vias;Rotatória"
"Declive;Interseção de Vias;Rotatória";"Declive;Interseção de Vias;Rotatória"
"Interseção de Vias;Rotatória;Declive";"Declive;Interseção de Vias;Rotatória"
"Declive;Rotatória;Interseção de Vias";"Declive;Interseção de Vias;Rotatória"
"Rotatória;Declive;Interseção de Vias";"Declive;Interseção de Vias;Rotatória"
"Interseção de Vias;Declive;Viaduto";"Declive;Interseção de Vias;Viaduto"
"Interseção de Vias;Viaduto;Declive";"Declive;Interseção de Vias;Viaduto"
"Declive;Interseção de Vias;Viaduto";"Declive;Interseção de Vias;Viaduto"
"Declive;Viaduto;Interseção de Vias";"Declive;Interseção de Vias;Viaduto"
"Ponte;Declive";"Declive;Ponte"
"Declive;Ponte";"Declive;Ponte"
"Ponte;Declive;Reta";"Declive;Ponte;Reta"
"Ponte;Reta;Declive";"Declive;Ponte;Reta"
"Reta;Declive;Ponte";"Declive;Ponte;Reta"
"Declive;Ponte;Reta";"Declive;Ponte;Reta"
"Declive;Reta;Ponte";"Declive;Ponte;Reta"
"Reta;Ponte;Declive";"Declive;Ponte;Reta"
"Reta;Declive";"Declive;Reta"
"Declive;Reta";"Declive;Reta"
"Declive;Reta;Retorno Regulamentado";"Declive;Reta;Retorno Regulamentado"
"Retorno Regulamentado;Declive;Reta";"Declive;Reta;Retorno Regulamentado"
"Reta;Declive;Retorno Regulamentado";"Declive;Reta;Retorno Regulamentado"
"Reta;Retorno Regulamentado;Declive";"Declive;Reta;Retorno Regulamentado"
"Retorno Regulamentado;Reta;Declive";"Declive;Reta;Retorno Regulamentado"
"Declive;Retorno Regulamentado;Reta";"Declive;Reta;Retorno Regulamentado"
"Rotatória;Reta;Retorno Regulamentado;Declive";"Declive;Reta;Retorno Regulamentado;Rotatória"
"Reta;Declive;Rotatória;Retorno Regulamentado";"Declive;Reta;Retorno Regulamentado;Rotatória"
"Declive;Rotatória;Reta";"Declive;Reta;Rotatória"
"Rotatória;Reta;Declive";"Declive;Reta;Rotatória"
"Reta;Rotatória;Declive";"Declive;Reta;Rotatória"
"Reta;Declive;Rotatória";"Declive;Reta;Rotatória"
"Declive;Reta;Túnel";"Declive;Reta;Túnel"
"Túnel;Reta;Declive";"Declive;Reta;Túnel"
"Declive;Reta;Viaduto";"Declive;Reta;Viaduto"
"Viaduto;Declive;Reta";"Declive;Reta;Viaduto"
"Reta;Declive;Viaduto";"Declive;Reta;Viaduto"
"Viaduto;Reta;Declive";"Declive;Reta;Viaduto"
"Declive;Viaduto;Reta";"Declive;Reta;Viaduto"
"Reta;Viaduto;Declive";"Declive;Reta;Viaduto"
"Declive;Retorno Regulamentado";"Declive;Retorno Regulamentado"
"Retorno Regulamentado;Declive";"Declive;Retorno Regulamentado"
"Declive;Viaduto;Retorno Regulamentado";"Declive;Retorno Regulamentado;Viaduto"
"Declive;Rotatória";"Declive;Rotatória"
"Rotatória;Declive";"Declive;Rotatória"
"Declive;Rotatória;Viaduto";"Declive;Rotatória;Viaduto"
"Declive;Viaduto;Rotatória";"Declive;Rotatória;Viaduto"
"Viaduto;Declive;Rotatória";"Declive;Rotatória;Viaduto"
"Viaduto;Declive";"Declive;Viaduto"
"Declive;Viaduto";"Declive;Viaduto"
Desvio Temporário;Desvio Temporário
"Desvio Temporário;Em Obras";"Desvio Temporário;Em Obras"
"Em Obras;Desvio Temporário";"Desvio Temporário;Em Obras"
"Em Obras;Interseção de Vias;Desvio Temporário";"Desvio Temporário;Em Obras;Interseção de Vias"
"Reta;Interseção de Vias;Em Obras;Desvio Temporário";"Desvio Temporário;Em Obras;Interseção de Vias;Reta"
"Reta;Em Obras;Desvio Temporário;Interseção de Vias";"Desvio Temporário;Em Obras;Interseção de Vias;Reta"
"Interseção de Vias;Desvio Temporário;Em Obras;Reta";"Desvio Temporário;Em Obras;Interseção de Vias;Reta"
"Em Obras;Reta;Desvio Temporário;Interseção de Vias";"Desvio Temporário;Em Obras;Interseção de Vias;Reta"
"Reta;Interseção de Vias;Desvio Temporário;Em Obras";"Desvio Temporário;Em Obras;Interseção de Vias;Reta"
"Retorno Regulamentado;Interseção de Vias;Desvio Temporário;Em Obras;Reta";"Desvio Temporário;Em Obras;Interseção de Vias;Reta;Retorno Regulamentado"
"Desvio Temporário;Retorno Regulamentado;Reta;Em Obras;Interseção de Vias";"Desvio Temporário;Em Obras;Interseção de Vias;Reta;Retorno Regulamentado"
"Desvio Temporário;Em Obras;Reta;Interseção de Vias;Retorno Regulamentado;Rotatória";"Desvio Temporário;Em Obras;Interseção de Vias;Reta;Retorno Regulamentado;Rotatória"
"Interseção de Vias;Rotatória;Desvio Temporário;Em Obras";"Desvio Temporário;Em Obras;Interseção de Vias;Rotatória"
"Em Obras;Desvio Temporário;Rotatória;Interseção de Vias;Viaduto";"Desvio Temporário;Em Obras;Interseção de Vias;Rotatória;Viaduto"
"Ponte;Desvio Temporário;Em Obras";"Desvio Temporário;Em Obras;Ponte"
"Reta;Ponte;Em Obras;Desvio Temporário";"Desvio Temporário;Em Obras;Ponte;Reta"
"Em Obras;Reta;Desvio Temporário";"Desvio Temporário;Em Obras;Reta"
"Reta;Desvio Temporário;Em Obras";"Desvio Temporário;Em Obras;Reta"
"Desvio Temporário;Em Obras;Reta";"Desvio Temporário;Em Obras;Reta"
"Em Obras;Desvio Temporário;Reta";"Desvio Temporário;Em Obras;Reta"
"Desvio Temporário;Reta;Em Obras";"Desvio Temporário;Em Obras;Reta"
"Reta;Em Obras;Desvio Temporário";"Desvio Temporário;Em Obras;Reta"
"Rotatória;Desvio Temporário;Reta;Em Obras";"Desvio Temporário;Em Obras;Reta;Rotatória"
"Reta;Desvio Temporário;Túnel;Em Obras";"Desvio Temporário;Em Obras;Reta;Túnel"
"Em Obras;Reta;Desvio Temporário;Viaduto";"Desvio Temporário;Em Obras;Reta;Viaduto"
"Em Obras;Desvio Temporário;Viaduto;Reta";"Desvio Temporário;Em Obras;Reta;Viaduto"
"Em Obras;Desvio Temporário;Retorno Regulamentado";"Desvio Temporário;Em Obras;Retorno Regulamentado"
"Retorno Regulamentado;Desvio Temporário;Em Obras";"Desvio Temporário;Em Obras;Retorno Regulamentado"
"Desvio Temporário;Retorno Regulamentado;Em Obras";"Desvio Temporário;Em Obras;Retorno Regulamentado"
"Rotatória;Desvio Temporário;Em Obras";"Desvio Temporário;Em Obras;Rotatória"
"Desvio Temporário;Em Obras;Rotatória";"Desvio Temporário;Em Obras;Rotatória"
"Em Obras;Viaduto;Desvio Temporário";"Desvio Temporário;Em Obras;Viaduto"
"Desvio Temporário;Em Obras;Viaduto";"Desvio Temporário;Em Obras;Viaduto"
"Desvio Temporário;Interseção de Vias";"Desvio Temporário;Interseção de Vias"
"Interseção de Vias;Desvio Temporário";"Desvio Temporário;Interseção de Vias"
"Desvio Temporário;Reta;Interseção de Vias";"Desvio Temporário;Interseção de Vias;Reta"
"Reta;Interseção de Vias;Desvio Temporário";"Desvio Temporário;Interseção de Vias;Reta"
"Interseção de Vias;Rotatória;Desvio Temporário";"Desvio Temporário;Interseção de Vias;Rotatória"
"Reta;Desvio Temporário;Ponte";"Desvio Temporário;Ponte;Reta"
"Desvio Temporário;Reta";"Desvio Temporário;Reta"
"Reta;Desvio Temporário";"Desvio Temporário;Reta"
"Desvio Temporário;Reta;Retorno Regulamentado";"Desvio Temporário;Reta;Retorno Regulamentado"
"Rotatória;Desvio Temporário";"Desvio Temporário;Rotatória"
Em Obras;Em Obras
"Em Obras;Interseção de Vias";"Em Obras;Interseção de Vias"
"Interseção de Vias;Em Obras";"Em Obras;Interseção de Vias"
"Em Obras;Interseção de Vias;Ponte";"Em Obras;Interseção de Vias;Ponte"
"Interseção de Vias;Em Obras;Reta;Ponte";"Em Obras;Interseção de Vias;Ponte;Reta"
"Viaduto;Interseção de Vias;Ponte;Reta;Em Obras";"Em Obras;Interseção de Vias;Ponte;Reta;Viaduto"
"Reta;Em Obras;Interseção de Vias";"Em Obras;Interseção de Vias;Reta"
"Reta;Interseção de Vias;Em Obras";"Em Obras;Interseção de Vias;Reta"
"Interseção de Vias;Reta;Em Obras";"Em Obras;Interseção de Vias;Reta"
"Interseção de Vias;Em Obras;Reta";"Em Obras;Interseção de Vias;Reta"
"Em Obras;Interseção de Vias;Reta";"Em Obras;Interseção de Vias;Reta"
"Em Obras;Reta;Interseção de Vias";"Em Obras;Interseção de Vias;Reta"
"Em Obras;Interseção de Vias;Retorno Regulamentado;Reta";"Em Obras;Interseção de Vias;Reta;Retorno Regulamentado"
"Retorno Regulamentado;Interseção de Vias;Em Obras;Reta";"Em Obras;Interseção de Vias;Reta;Retorno Regulamentado"
"Retorno Regulamentado;Reta;Interseção de Vias;Rotatória;Em Obras";"Em Obras;Interseção de Vias;Reta;Retorno Regulamentado;Rotatória"
"Reta;Viaduto;Interseção de Vias;Retorno Regulamentado;Rotatória;Em Obras";"Em Obras;Interseção de Vias;Reta;Retorno Regulamentado;Rotatória;Viaduto"
"Reta;Rotatória;Interseção de Vias;Em Obras";"Em Obras;Interseção de Vias;Reta;Rotatória"
"Em Obras;Interseção de Vias;Reta;Rotatória";"Em Obras;Interseção de Vias;Reta;Rotatória"
"Interseção de Vias;Em Obras;Viaduto;Reta";"Em Obras;Interseção de Vias;Reta;Viaduto"
"Rotatória;Interseção de Vias;Em Obras";"Em Obras;Interseção de Vias;Rotatória"
"Interseção de Vias;Rotatória;Em Obras";"Em Obras;Interseção de Vias;Rotatória"
"Em Obras;Interseção de Vias;Rotatória";"Em Obras;Interseção de Vias;Rotatória"
"Em Obras;Rotatória;Interseção de Vias;Viaduto";"Em Obras;Interseção de Vias;Rotatória;Viaduto"
"Interseção de Vias;Viaduto;Em Obras";"Em Obras;Interseção de Vias;Viaduto"
"Em Obras;Interseção de Vias;Viaduto";"Em Obras;Interseção de Vias;Viaduto"
"Interseção de Vias;Em Obras;Viaduto";"Em Obras;Interseção de Vias;Viaduto"
"Ponte;Em Obras";"Em Obras;Ponte"
"Reta;Em Obras;Ponte";"Em Obras;Ponte;Reta"
"Ponte;Em Obras;Reta";"Em Obras;Ponte;Reta"
"Em Obras;Reta;Ponte";"Em Obras;Ponte;Reta"
"Reta;Ponte;Em Obras";"Em Obras;Ponte;Reta"
"Ponte;Reta;Em Obras";"Em Obras;Ponte;Reta"
"Em Obras;Reta";"Em Obras;Reta"
"Reta;Em Obras";"Em Obras;Reta"
"Em Obras;Retorno Regulamentado;Reta";"Em Obras;Reta;Retorno Regulamentado"
"Retorno Regulamentado;Reta;Em Obras";"Em Obras;Reta;Retorno Regulamentado"
"Reta;Em Obras;Retorno Regulamentado";"Em Obras;Reta;Retorno Regulamentado"
"Em Obras;Reta;Rotatória";"Em Obras;Reta;Rotatória"
"Em Obras;Rotatória;Reta";"Em Obras;Reta;Rotatória"
"Reta;Em Obras;Rotatória";"Em Obras;Reta;Rotatória"
"Reta;Rotatória;Em Obras";"Em Obras;Reta;Rotatória"
"Em Obras;Túnel;Reta";"Em Obras;Reta;Túnel"
"Em Obras;Viaduto;Reta";"Em Obras;Reta;Viaduto"
"Reta;Viaduto;Em Obras";"Em Obras;Reta;Viaduto"
"Reta;Em Obras;Viaduto";"Em Obras;Reta;Viaduto"
"Em Obras;Reta;Viaduto";"Em Obras;Reta;Viaduto"
"Viaduto;Em Obras;Reta";"Em Obras;Reta;Viaduto"
"Retorno Regulamentado;Em Obras";"Em Obras;Retorno Regulamentado"
"Em Obras;Retorno Regulamentado";"Em Obras;Retorno Regulamentado"
"Em Obras;Rotatória";"Em Obras;Rotatória"
"Rotatória;Em Obras";"Em Obras;Rotatória"
"Em Obras;Viaduto;Rotatória";"Em Obras;Rotatória;Viaduto"
"Em Obras;Viaduto";"Em Obras;Viaduto"
Interseção de Vias;Interseção de Vias
"Reta;Ponte;Interseção de Vias";"Interseção de Vias;Ponte;Reta"
"Ponte;Interseção de Vias;Reta";"Interseção de Vias;Ponte;Reta"
"Reta;Interseção de Vias;Ponte";"Interseção de Vias;Ponte;Reta"
"Interseção de Vias;Reta;Ponte";"Interseção de Vias;Ponte;Reta"
"Interseção de Vias;Viaduto;Rotatória;Ponte";"Interseção de Vias;Ponte;Rotatória;Viaduto"
"Interseção de Vias;Reta";"Interseção de Vias;Reta"
"Reta;Interseção de Vias";"Interseção de Vias;Reta"
"Interseção de Vias;Reta;Retorno Regulamentado";"Interseção de Vias;Reta;Retorno Regulamentado"
"Retorno Regulamentado;Reta;Interseção de Vias";"Interseção de Vias;Reta;Retorno Regulamentado"
"Reta;Retorno Regulamentado;Interseção de Vias";"Interseção de Vias;Reta;Retorno Regulamentado"
"Retorno Regulamentado;Interseção de Vias;Reta";"Interseção de Vias;Reta;Retorno Regulamentado"
"Reta;Interseção de Vias;Retorno Regulamentado";"Interseção de Vias;Reta;Retorno Regulamentado"
"Interseção de Vias;Retorno Regulamentado;Reta";"Interseção de Vias;Reta;Retorno Regulamentado"
"Retorno Regulamentado;Interseção de Vias;Reta;Rotatória";"Interseção de Vias;Reta;Retorno Regulamentado;Rotatória"
"Reta;Retorno Regulamentado;Rotatória;Interseção de Vias";"Interseção de Vias;Reta;Retorno Regulamentado;Rotatória"
"Interseção de Vias;Retorno Regulamentado;Reta;Rotatória";"Interseção de Vias;Reta;Retorno Regulamentado;Rotatória"
"Reta;Interseção de Vias;Rotatória;Retorno Regulamentado";"Interseção de Vias;Reta;Retorno Regulamentado;Rotatória"
"Retorno Regulamentado;Rotatória;Reta;Interseção de Vias";"Interseção de Vias;Reta;Retorno Regulamentado;Rotatória"
"Retorno Regulamentado;Reta;Rotatória;Interseção de Vias";"Interseção de Vias;Reta;Retorno Regulamentado;Rotatória"
"Reta;Retorno Regulamentado;Túnel;Rotatória;Interseção de Vias";"Interseção de Vias;Reta;Retorno Regulamentado;Rotatória;Túnel"
"Interseção de Vias;Reta;Viaduto;Retorno Regulamentado";"Interseção de Vias;Reta;Retorno Regulamentado;Viaduto"
"Interseção de Vias;Retorno Regulamentado;Reta;Viaduto";"Interseção de Vias;Reta;Retorno Regulamentado;Viaduto"
"Retorno Regulamentado;Reta;Viaduto;Interseção de Vias";"Interseção de Vias;Reta;Retorno Regulamentado;Viaduto"
"Retorno Regulamentado;Interseção de Vias;Viaduto;Reta";"Interseção de Vias;Reta;Retorno Regulamentado;Viaduto"
"Reta;Rotatória;Interseção de Vias";"Interseção de Vias;Reta;Rotatória"
"Interseção de Vias;Rotatória;Reta";"Interseção de Vias;Reta;Rotatória"
"Reta;Interseção de Vias;Rotatória";"Interseção de Vias;Reta;Rotatória"
"Rotatória;Interseção de Vias;Reta";"Interseção de Vias;Reta;Rotatória"
"Interseção de Vias;Reta;Rotatória";"Interseção de Vias;Reta;Rotatória"
"Rotatória;Reta;Interseção de Vias";"Interseção de Vias;Reta;Rotatória"
"Interseção de Vias;Reta;Viaduto;Rotatória";"Interseção de Vias;Reta;Rotatória;Viaduto"
"Viaduto;Reta;Interseção de Vias;Rotatória";"Interseção de Vias;Reta;Rotatória;Viaduto"
"Reta;Interseção de Vias;Viaduto;Rotatória";"Interseção de Vias;Reta;Rotatória;Viaduto"
"Reta;Interseção de Vias;Rotatória;Viaduto";"Interseção de Vias;Reta;Rotatória;Viaduto"
"Reta;Interseção de Vias;Túnel";"Interseção de Vias;Reta;Túnel"
"Túnel;Interseção de Vias;Viaduto;Reta";"Interseção de Vias;Reta;Túnel;Viaduto"
"Reta;Viaduto;Interseção de Vias";"Interseção de Vias;Reta;Viaduto"
"Interseção de Vias;Reta;Viaduto";"Interseção de Vias;Reta;Viaduto"
"Viaduto;Interseção de Vias;Reta";"Interseção de Vias;Reta;Viaduto"
"Interseção de Vias;Viaduto;Reta";"Interseção de Vias;Reta;Viaduto"
"Reta;Interseção de Vias;Viaduto";"Interseção de Vias;Reta;Viaduto"
"Viaduto;Reta;Interseção de Vias";"Interseção de Vias;Reta;Viaduto"
"Interseção de Vias;Retorno Regulamentado";"Interseção de Vias;Retorno Regulamentado"
"Retorno Regulamentado;Interseção de Vias";"Interseção de Vias;Retorno Regulamentado"
"Retorno Regulamentado;Interseção de Vias;Rotatória";"Interseção de Vias;Retorno Regulamentado;Rotatória"
"Interseção de Vias;Rotatória;Retorno Regulamentado";"Interseção de Vias;Retorno Regulamentado;Rotatória"
"Rotatória;Retorno Regulamentado;Interseção de Vias";"Interseção de Vias;Retorno Regulamentado;Rotatória"
"Retorno Regulamentado;Rotatória;Interseção de Vias";"Interseção de Vias;Retorno Regulamentado;Rotatória"
"Interseção de Vias;Retorno Regulamentado;Rotatória";"Interseção de Vias;Retorno Regulamentado;Rotatória"
"Rotatória;Interseção de Vias;Viaduto;Retorno Regulamentado";"Interseção de Vias;Retorno Regulamentado;Rotatória;Viaduto"
"Viaduto;Retorno Regulamentado;Interseção de Vias;Rotatória";"Interseção de Vias;Retorno Regulamentado;Rotatória;Viaduto"
"Interseção de Vias;Rotatória;Viaduto;Retorno Regulamentado";"Interseção de Vias;Retorno Regulamentado;Rotatória;Viaduto"
"Retorno Regulamentado;Interseção de Vias;Viaduto";"Interseção de Vias;Retorno Regulamentado;Viaduto"
"Interseção de Vias;Retorno Regulamentado;Viaduto";"Interseção de Vias;Retorno Regulamentado;Viaduto"
"Viaduto;Retorno Regulamentado;Interseção de Vias";"Interseção de Vias;Retorno Regulamentado;Viaduto"
"Interseção de Vias;Viaduto;Retorno Regulamentado";"Interseção de Vias;Retorno Regulamentado;Viaduto"
"Interseção de Vias;Rotatória";"Interseção de Vias;Rotatória"
"Rotatória;Interseção de Vias";"Interseção de Vias;Rotatória"
"Rotatória;Viaduto;Interseção de Vias";"Interseção de Vias;Rotatória;Viaduto"
"Viaduto;Rotatória;Interseção de Vias";"Interseção de Vias;Rotatória;Viaduto"
"Interseção de Vias;Viaduto;Rotatória";"Interseção de Vias;Rotatória;Viaduto"
"Interseção de Vias;Rotatória;Viaduto";"Interseção de Vias;Rotatória;Viaduto"
"Rotatória;Interseção de Vias;Viaduto";"Interseção de Vias;Rotatória;Viaduto"
"Viaduto;Interseção de Vias;Rotatória";"Interseção de Vias;Rotatória;Viaduto"
"Túnel;Interseção de Vias;Viaduto";"Interseção de Vias;Túnel;Viaduto"
"Viaduto;Interseção de Vias";"Interseção de Vias;Viaduto"
"Interseção de Vias;Viaduto";"Interseção de Vias;Viaduto"
Ponte;Ponte
"Ponte;Reta";"Ponte;Reta"
"Reta;Ponte";"Ponte;Reta"
"Rotatória;Ponte";"Ponte;Rotatória"
"Ponte;Viaduto";"Ponte;Viaduto"
Reta;Reta
"Reta;Retorno Regulamentado";"Reta;Retorno Regulamentado"
"Retorno Regulamentado;Reta";"Reta;Retorno Regulamentado"
"Rotatória;Reta;Retorno Regulamentado";"Reta;Retorno Regulamentado;Rotatória"
"Retorno Regulamentado;Rotatória;Reta";"Reta;Retorno Regulamentado;Rotatória"
"Retorno Regulamentado;Reta;Rotatória";"Reta;Retorno Regulamentado;Rotatória"
"Reta;Rotatória;Retorno Regulamentado";"Reta;Retorno Regulamentado;Rotatória"
"Retorno Regulamentado;Viaduto;Reta";"Reta;Retorno Regulamentado;Viaduto"
"Reta;Retorno Regulamentado;Viaduto";"Reta;Retorno Regulamentado;Viaduto"
"Reta;Viaduto;Retorno Regulamentado";"Reta;Retorno Regulamentado;Viaduto"
"Retorno Regulamentado;Reta;Viaduto";"Reta;Retorno Regulamentado;Viaduto"
"Viaduto;Retorno Regulamentado;Reta";"Reta;Retorno Regulamentado;Viaduto"
"Reta;Rotatória";"Reta;Rotatória"
"Rotatória;Reta";"Reta;Rotatória"
"Reta;Rotatória;Viaduto";"Reta;Rotatória;Viaduto"
"Viaduto;Reta;Rotatória";"Reta;Rotatória;Viaduto"
"Túnel;Reta";"Reta;Túnel"
"Reta;Túnel";"Reta;Túnel"
"Viaduto;Reta";"Reta;Viaduto"
"Reta;Viaduto";"Reta;Viaduto"
Retorno Regulamentado;Retorno Regulamentado
"Rotatória;Retorno Regulamentado";"Retorno Regulamentado;Rotatória"
"Retorno Regulamentado;Rotatória";"Retorno Regulamentado;Rotatória"
"Rotatória;Retorno Regulamentado;Viaduto";"Retorno Regulamentado;Rotatória;Viaduto"
"Retorno Regulamentado;Rotatória;Viaduto";"Retorno Regulamentado;Rotatória;Viaduto"
"Viaduto;Rotatória;Retorno Regulamentado";"Retorno Regulamentado;Rotatória;Viaduto"
"Retorno Regulamentado;Viaduto;Rotatória";"Retorno Regulamentado;Rotatória;Viaduto"
"Viaduto;Retorno Regulamentado";"Retorno Regulamentado;Viaduto"
"Retorno Regulamentado;Viaduto";"Retorno Regulamentado;Viaduto"
Rotatória;Rotatória
"Viaduto;Rotatória";"Rotatória;Viaduto"
"Rotatória;Viaduto";"Rotatória;Viaduto"
Túnel;Túnel
Viaduto;Viaduto
