linha_origem;id;pesid;coluna;valor_original;motivo;acao
6170;653206;1471609;idade;2024;idade fora do intervalo plausivel 0-120;"valor convertido em ausencia; registro mantido na base"
6175;653206;1471609;idade;2024;idade fora do intervalo plausivel 0-120;"valor convertido em ausencia; registro mantido na base"
6187;653211;1471300;idade;2024;idade fora do intervalo plausivel 0-120;"valor convertido em ausencia; registro mantido na base"
6192;653211;1471300;idade;2024;idade fora do intervalo plausivel 0-120;"valor convertido em ausencia; registro mantido na base"
6197;653211;1471300;idade;2024;idade fora do intervalo plausivel 0-120;"valor convertido em ausencia; registro mantido na base"
17939;654648;1473913;idade;125;idade fora do intervalo plausivel 0-120;"valor convertido em ausencia; registro mantido na base"
17943;654648;1473913;idade;125;idade fora do intervalo plausivel 0-120;"valor convertido em ausencia; registro mantido na base"
17947;654648;1473913;idade;125;idade fora do intervalo plausivel 0-120;"valor convertido em ausencia; registro mantido na base"
17951;654648;1473913;idade;125;idade fora do intervalo plausivel 0-120;"valor convertido em ausencia; registro mantido na base"
17955;654648;1473913;idade;125;idade fora do intervalo plausivel 0-120;"valor convertido em ausencia; registro mantido na base"
17959;654648;1473913;idade;125;idade fora do intervalo plausivel 0-120;"valor convertido em ausencia; registro mantido na base"
17963;654648;1473913;idade;125;idade fora do intervalo plausivel 0-120;"valor convertido em ausencia; registro mantido na base"
17967;654648;1473913;idade;125;idade fora do intervalo plausivel 0-120;"valor convertido em ausencia; registro mantido na base"
17971;654648;1473913;idade;125;idade fora do intervalo plausivel 0-120;"valor convertido em ausencia; registro mantido na base"
17975;654648;1473913;idade;125;idade fora do intervalo plausivel 0-120;"valor convertido em ausencia; registro mantido na base"
17979;654648;1473913;idade;125;idade fora do intervalo plausivel 0-120;"valor convertido em ausencia; registro mantido na base"
17983;654648;1473913;idade;125;idade fora do intervalo plausivel 0-120;"valor convertido em ausencia; registro mantido na base"
17987;654648;1473913;idade;125;idade fora do intervalo plausivel 0-120;"valor convertido em ausencia; registro mantido na base"
17991;654648;1473913;idade;125;idade fora do intervalo plausivel 0-120;"valor convertido em ausencia; registro mantido na base"
23162;655326;1475645;idade;1924;idade fora do intervalo plausivel 0-120;"valor convertido em ausencia; registro mantido na base"
23163;655326;1475639;idade;1924;idade fora do intervalo plausivel 0-120;"valor convertido em ausencia; registro mantido na base"
23170;655326;1475645;idade;1924;idade fora do intervalo plausivel 0-120;"valor convertido em ausencia; registro mantido na base"
23171;655326;1475639;idade;1924;idade fora do intervalo plausivel 0-120;"valor convertido em ausencia; registro mantido na base"
26880;655837;1477221;idade;1924;idade fora do intervalo plausivel 0-120;"valor convertido em ausencia; registro mantido na base"
26881;655837;1477219;idade;1924;idade fora do intervalo plausivel 0-120;"valor convertido em ausencia; registro mantido na base"
29243;656219;1478027;idade;2024;idade fora do intervalo plausivel 0-120;"valor convertido em ausencia; registro mantido na base"
42015;658043;1483058;idade;125;idade fora do intervalo plausivel 0-120;"valor convertido em ausencia; registro mantido na base"
42016;658043;1483057;idade;125;idade fora do intervalo plausivel 0-120;"valor convertido em ausencia; registro mantido na base"
42017;658043;1483056;idade;125;idade fora do intervalo plausivel 0-120;"valor convertido em ausencia; registro mantido na base"
43889;658298;1483566;idade;125;idade fora do intervalo plausivel 0-120;"valor convertido em ausencia; registro mantido na base"
43890;658298;1483565;idade;125;idade fora do intervalo plausivel 0-120;"valor convertido em ausencia; registro mantido na base"
43892;658298;1483559;idade;1025;idade fora do intervalo plausivel 0-120;"valor convertido em ausencia; registro mantido na base"
47740;658841;1484925;idade;824;idade fora do intervalo plausivel 0-120;"valor convertido em ausencia; registro mantido na base"
61579;660917;1492132;idade;125;idade fora do intervalo plausivel 0-120;"valor convertido em ausencia; registro mantido na base"
69689;662072;1492919;idade;1924;idade fora do intervalo plausivel 0-120;"valor convertido em ausencia; registro mantido na base"
73197;662608;1495965;idade;1914;idade fora do intervalo plausivel 0-120;"valor convertido em ausencia; registro mantido na base"
73203;662608;1495965;idade;1914;idade fora do intervalo plausivel 0-120;"valor convertido em ausencia; registro mantido na base"
73209;662608;1495965;idade;1914;idade fora do intervalo plausivel 0-120;"valor convertido em ausencia; registro mantido na base"
73215;662608;1495965;idade;1914;idade fora do intervalo plausivel 0-120;"valor convertido em ausencia; registro mantido na base"
73221;662608;1495965;idade;1914;idade fora do intervalo plausivel 0-120;"valor convertido em ausencia; registro mantido na base"
73227;662608;1495965;idade;1914;idade fora do intervalo plausivel 0-120;"valor convertido em ausencia; registro mantido na base"
73233;662608;1495965;idade;1914;idade fora do intervalo plausivel 0-120;"valor convertido em ausencia; registro mantido na base"
73239;662608;1495965;idade;1914;idade fora do intervalo plausivel 0-120;"valor convertido em ausencia; registro mantido na base"
73245;662608;1495965;idade;1914;idade fora do intervalo plausivel 0-120;"valor convertido em ausencia; registro mantido na base"
76530;663166;1495507;idade;1924;idade fora do intervalo plausivel 0-120;"valor convertido em ausencia; registro mantido na base"
79357;663578;1496581;idade;125;idade fora do intervalo plausivel 0-120;"valor convertido em ausencia; registro mantido na base"
79360;663578;1496550;idade;125;idade fora do intervalo plausivel 0-120;"valor convertido em ausencia; registro mantido na base"
79362;663578;1496548;idade;125;idade fora do intervalo plausivel 0-120;"valor convertido em ausencia; registro mantido na base"
79364;663578;1496546;idade;125;idade fora do intervalo plausivel 0-120;"valor convertido em ausencia; registro mantido na base"
79365;663578;1496545;idade;125;idade fora do intervalo plausivel 0-120;"valor convertido em ausencia; registro mantido na base"
79366;663578;1496544;idade;125;idade fora do intervalo plausivel 0-120;"valor convertido em ausencia; registro mantido na base"
79367;663578;1496543;idade;125;idade fora do intervalo plausivel 0-120;"valor convertido em ausencia; registro mantido na base"
79368;663578;1496542;idade;125;idade fora do intervalo plausivel 0-120;"valor convertido em ausencia; registro mantido na base"
79372;663578;1496537;idade;125;idade fora do intervalo plausivel 0-120;"valor convertido em ausencia; registro mantido na base"
79373;663578;1496536;idade;125;idade fora do intervalo plausivel 0-120;"valor convertido em ausencia; registro mantido na base"
79374;663578;1496535;idade;125;idade fora do intervalo plausivel 0-120;"valor convertido em ausencia; registro mantido na base"
79375;663578;1496534;idade;125;idade fora do intervalo plausivel 0-120;"valor convertido em ausencia; registro mantido na base"
79376;663578;1496533;idade;125;idade fora do intervalo plausivel 0-120;"valor convertido em ausencia; registro mantido na base"
79377;663578;1496532;idade;125;idade fora do intervalo plausivel 0-120;"valor convertido em ausencia; registro mantido na base"
79378;663578;1496531;idade;125;idade fora do intervalo plausivel 0-120;"valor convertido em ausencia; registro mantido na base"
79380;663578;1496529;idade;125;idade fora do intervalo plausivel 0-120;"valor convertido em ausencia; registro mantido na base"
79381;663578;1496528;idade;125;idade fora do intervalo plausivel 0-120;"valor convertido em ausencia; registro mantido na base"
79383;663578;1496526;idade;125;idade fora do intervalo plausivel 0-120;"valor convertido em ausencia; registro mantido na base"
79416;663578;1496581;idade;125;idade fora do intervalo plausivel 0-120;"valor convertido em ausencia; registro mantido na base"
79419;663578;1496550;idade;125;idade fora do intervalo plausivel 0-120;"valor convertido em ausencia; registro mantido na base"
79421;663578;1496548;idade;125;idade fora do intervalo plausivel 0-120;"valor convertido em ausencia; registro mantido na base"
79423;663578;1496546;idade;125;idade fora do intervalo plausivel 0-120;"valor convertido em ausencia; registro mantido na base"
79424;663578;1496545;idade;125;idade fora do intervalo plausivel 0-120;"valor convertido em ausencia; registro mantido na base"
79425;663578;1496544;idade;125;idade fora do intervalo plausivel 0-120;"valor convertido em ausencia; registro mantido na base"
79426;663578;1496543;idade;125;idade fora do intervalo plausivel 0-120;"valor convertido em ausencia; registro mantido na base"
79427;663578;1496542;idade;125;idade fora do intervalo plausivel 0-120;"valor convertido em ausencia; registro mantido na base"
79431;663578;1496537;idade;125;idade fora do intervalo plausivel 0-120;"valor convertido em ausencia; registro mantido na base"
79432;663578;1496536;idade;125;idade fora do intervalo plausivel 0-120;"valor convertido em ausencia; registro mantido na base"
79433;663578;1496535;idade;125;idade fora do intervalo plausivel 0-120;"valor convertido em ausencia; registro mantido na base"
79434;663578;1496534;idade;125;idade fora do intervalo plausivel 0-120;"valor convertido em ausencia; registro mantido na base"
79435;663578;1496533;idade;125;idade fora do intervalo plausivel 0-120;"valor convertido em ausencia; registro mantido na base"
79436;663578;1496532;idade;125;idade fora do intervalo plausivel 0-120;"valor convertido em ausencia; registro mantido na base"
79437;663578;1496531;idade;125;idade fora do intervalo plausivel 0-120;"valor convertido em ausencia; registro mantido na base"
79439;663578;1496529;idade;125;idade fora do intervalo plausivel 0-120;"valor convertido em ausencia; registro mantido na base"
79440;663578;1496528;idade;125;idade fora do intervalo plausivel 0-120;"valor convertido em ausencia; registro mantido na base"
79442;663578;1496526;idade;125;idade fora do intervalo plausivel 0-120;"valor convertido em ausencia; registro mantido na base"
79475;663578;1496581;idade;125;idade fora do intervalo plausivel 0-120;"valor convertido em ausencia; registro mantido na base"
79478;663578;1496550;idade;125;idade fora do intervalo plausivel 0-120;"valor convertido em ausencia; registro mantido na base"
79480;663578;1496548;idade;125;idade fora do intervalo plausivel 0-120;"valor convertido em ausencia; registro mantido na base"
79482;663578;1496546;idade;125;idade fora do intervalo plausivel 0-120;"valor convertido em ausencia; registro mantido na base"
79483;663578;1496545;idade;125;idade fora do intervalo plausivel 0-120;"valor convertido em ausencia; registro mantido na base"
79484;663578;1496544;idade;125;idade fora do intervalo plausivel 0-120;"valor convertido em ausencia; registro mantido na base"
79485;663578;1496543;idade;125;idade fora do intervalo plausivel 0-120;"valor convertido em ausencia; registro mantido na base"
79486;663578;1496542;idade;125;idade fora do intervalo plausivel 0-120;"valor convertido em ausencia; registro mantido na base"
79490;663578;1496537;idade;125;idade fora do intervalo plausivel 0-120;"valor convertido em ausencia; registro mantido na base"
79491;663578;1496536;idade;125;idade fora do intervalo plausivel 0-120;"valor convertido em ausencia; registro mantido na base"
79492;663578;1496535;idade;125;idade fora do intervalo plausivel 0-120;"valor convertido em ausencia; registro mantido na base"
79493;663578;1496534;idade;125;idade fora do intervalo plausivel 0-120;"valor convertido em ausencia; registro mantido na base"
79494;663578;1496533;idade;125;idade fora do intervalo plausivel 0-120;"valor convertido em ausencia; registro mantido na base"
79495;663578;1496532;idade;125;idade fora do intervalo plausivel 0-120;"valor convertido em ausencia; registro mantido na base"
79496;663578;1496531;idade;125;idade fora do intervalo plausivel 0-120;"valor convertido em ausencia; registro mantido na base"
79498;663578;1496529;idade;125;idade fora do intervalo plausivel 0-120;"valor convertido em ausencia; registro mantido na base"
79499;663578;1496528;idade;125;idade fora do intervalo plausivel 0-120;"valor convertido em ausencia; registro mantido na base"
79501;663578;1496526;idade;125;idade fora do intervalo plausivel 0-120;"valor convertido em ausencia; registro mantido na base"
79534;663578;1496581;idade;125;idade fora do intervalo plausivel 0-120;"valor convertido em ausencia; registro mantido na base"
79537;663578;1496550;idade;125;idade fora do intervalo plausivel 0-120;"valor convertido em ausencia; registro mantido na base"
79539;663578;1496548;idade;125;idade fora do intervalo plausivel 0-120;"valor convertido em ausencia; registro mantido na base"
79541;663578;1496546;idade;125;idade fora do intervalo plausivel 0-120;"valor convertido em ausencia; registro mantido na base"
79542;663578;1496545;idade;125;idade fora do intervalo plausivel 0-120;"valor convertido em ausencia; registro mantido na base"
79543;663578;1496544;idade;125;idade fora do intervalo plausivel 0-120;"valor convertido em ausencia; registro mantido na base"
79544;663578;1496543;idade;125;idade fora do intervalo plausivel 0-120;"valor convertido em ausencia; registro mantido na base"
79545;663578;1496542;idade;125;idade fora do intervalo plausivel 0-120;"valor convertido em ausencia; registro mantido na base"
79549;663578;1496537;idade;125;idade fora do intervalo plausivel 0-120;"valor convertido em ausencia; registro mantido na base"
79550;663578;1496536;idade;125;idade fora do intervalo plausivel 0-120;"valor convertido em ausencia; registro mantido na base"
79551;663578;1496535;idade;125;idade fora do intervalo plausivel 0-120;"valor convertido em ausencia; registro mantido na base"
79552;663578;1496534;idade;125;idade fora do intervalo plausivel 0-120;"valor convertido em ausencia; registro mantido na base"
79553;663578;1496533;idade;125;idade fora do intervalo plausivel 0-120;"valor convertido em ausencia; registro mantido na base"
79554;663578;1496532;idade;125;idade fora do intervalo plausivel 0-120;"valor convertido em ausencia; registro mantido na base"
79555;663578;1496531;idade;125;idade fora do intervalo plausivel 0-120;"valor convertido em ausencia; registro mantido na base"
79557;663578;1496529;idade;125;idade fora do intervalo plausivel 0-120;"valor convertido em ausencia; registro mantido na base"
79558;663578;1496528;idade;125;idade fora do intervalo plausivel 0-120;"valor convertido em ausencia; registro mantido na base"
79560;663578;1496526;idade;125;idade fora do intervalo plausivel 0-120;"valor convertido em ausencia; registro mantido na base"
85891;664429;1498966;idade;1924;idade fora do intervalo plausivel 0-120;"valor convertido em ausencia; registro mantido na base"
85896;664429;1498966;idade;1924;idade fora do intervalo plausivel 0-120;"valor convertido em ausencia; registro mantido na base"
86474;664523;1499055;idade;127;idade fora do intervalo plausivel 0-120;"valor convertido em ausencia; registro mantido na base"
88737;664864;1499826;idade;914;idade fora do intervalo plausivel 0-120;"valor convertido em ausencia; registro mantido na base"
89057;664915;1499889;idade;2024;idade fora do intervalo plausivel 0-120;"valor convertido em ausencia; registro mantido na base"
103080;666987;1505006;idade;1924;idade fora do intervalo plausivel 0-120;"valor convertido em ausencia; registro mantido na base"
106414;667449;1506030;idade;125;idade fora do intervalo plausivel 0-120;"valor convertido em ausencia; registro mantido na base"
107833;667654;1506555;idade;2024;idade fora do intervalo plausivel 0-120;"valor convertido em ausencia; registro mantido na base"
112209;668326;1508174;idade;125;idade fora do intervalo plausivel 0-120;"valor convertido em ausencia; registro mantido na base"
112212;668326;1508174;idade;125;idade fora do intervalo plausivel 0-120;"valor convertido em ausencia; registro mantido na base"
112215;668326;1508174;idade;125;idade fora do intervalo plausivel 0-120;"valor convertido em ausencia; registro mantido na base"
117159;669018;1511496;idade;830;idade fora do intervalo plausivel 0-120;"valor convertido em ausencia; registro mantido na base"
118745;669163;1510192;idade;1024;idade fora do intervalo plausivel 0-120;"valor convertido em ausencia; registro mantido na base"
118747;669163;1510192;idade;1024;idade fora do intervalo plausivel 0-120;"valor convertido em ausencia; registro mantido na base"
118749;669163;1510192;idade;1024;idade fora do intervalo plausivel 0-120;"valor convertido em ausencia; registro mantido na base"
118751;669163;1510192;idade;1024;idade fora do intervalo plausivel 0-120;"valor convertido em ausencia; registro mantido na base"
119424;669259;1510407;idade;125;idade fora do intervalo plausivel 0-120;"valor convertido em ausencia; registro mantido na base"
124950;670097;1512508;idade;125;idade fora do intervalo plausivel 0-120;"valor convertido em ausencia; registro mantido na base"
124951;670097;1512365;idade;125;idade fora do intervalo plausivel 0-120;"valor convertido em ausencia; registro mantido na base"
127807;670554;1515130;idade;2024;idade fora do intervalo plausivel 0-120;"valor convertido em ausencia; registro mantido na base"
127813;670554;1515130;idade;2024;idade fora do intervalo plausivel 0-120;"valor convertido em ausencia; registro mantido na base"
127819;670554;1515130;idade;2024;idade fora do intervalo plausivel 0-120;"valor convertido em ausencia; registro mantido na base"
145124;672867;1519242;idade;1924;idade fora do intervalo plausivel 0-120;"valor convertido em ausencia; registro mantido na base"
145128;672867;1519242;idade;1924;idade fora do intervalo plausivel 0-120;"valor convertido em ausencia; registro mantido na base"
145132;672867;1519242;idade;1924;idade fora do intervalo plausivel 0-120;"valor convertido em ausencia; registro mantido na base"
145136;672867;1519242;idade;1924;idade fora do intervalo plausivel 0-120;"valor convertido em ausencia; registro mantido na base"
148523;673350;1524376;idade;2024;idade fora do intervalo plausivel 0-120;"valor convertido em ausencia; registro mantido na base"
148528;673350;1524376;idade;2024;idade fora do intervalo plausivel 0-120;"valor convertido em ausencia; registro mantido na base"
148533;673350;1524376;idade;2024;idade fora do intervalo plausivel 0-120;"valor convertido em ausencia; registro mantido na base"
151809;673833;1521574;idade;1924;idade fora do intervalo plausivel 0-120;"valor convertido em ausencia; registro mantido na base"
169718;687308;1527165;idade;2024;idade fora do intervalo plausivel 0-120;"valor convertido em ausencia; registro mantido na base"
171799;687602;1527840;idade;914;idade fora do intervalo plausivel 0-120;"valor convertido em ausencia; registro mantido na base"
197554;690991;1536048;idade;1046;idade fora do intervalo plausivel 0-120;"valor convertido em ausencia; registro mantido na base"
197556;690991;1536048;idade;1046;idade fora do intervalo plausivel 0-120;"valor convertido em ausencia; registro mantido na base"
197558;690991;1536048;idade;1046;idade fora do intervalo plausivel 0-120;"valor convertido em ausencia; registro mantido na base"
197560;690991;1536048;idade;1046;idade fora do intervalo plausivel 0-120;"valor convertido em ausencia; registro mantido na base"
197724;691021;1536117;idade;225;idade fora do intervalo plausivel 0-120;"valor convertido em ausencia; registro mantido na base"
197739;691021;1536117;idade;225;idade fora do intervalo plausivel 0-120;"valor convertido em ausencia; registro mantido na base"
197754;691021;1536117;idade;225;idade fora do intervalo plausivel 0-120;"valor convertido em ausencia; registro mantido na base"
197769;691021;1536117;idade;225;idade fora do intervalo plausivel 0-120;"valor convertido em ausencia; registro mantido na base"
197784;691021;1536117;idade;225;idade fora do intervalo plausivel 0-120;"valor convertido em ausencia; registro mantido na base"
197799;691021;1536117;idade;225;idade fora do intervalo plausivel 0-120;"valor convertido em ausencia; registro mantido na base"
197814;691021;1536117;idade;225;idade fora do intervalo plausivel 0-120;"valor convertido em ausencia; registro mantido na base"
197829;691021;1536117;idade;225;idade fora do intervalo plausivel 0-120;"valor convertido em ausencia; registro mantido na base"
197844;691021;1536117;idade;225;idade fora do intervalo plausivel 0-120;"valor convertido em ausencia; registro mantido na base"
197859;691021;1536117;idade;225;idade fora do intervalo plausivel 0-120;"valor convertido em ausencia; registro mantido na base"
197874;691021;1536117;idade;225;idade fora do intervalo plausivel 0-120;"valor convertido em ausencia; registro mantido na base"
197889;691021;1536117;idade;225;idade fora do intervalo plausivel 0-120;"valor convertido em ausencia; registro mantido na base"
197904;691021;1536117;idade;225;idade fora do intervalo plausivel 0-120;"valor convertido em ausencia; registro mantido na base"
197919;691021;1536117;idade;225;idade fora do intervalo plausivel 0-120;"valor convertido em ausencia; registro mantido na base"
197934;691021;1536117;idade;225;idade fora do intervalo plausivel 0-120;"valor convertido em ausencia; registro mantido na base"
197949;691021;1536117;idade;225;idade fora do intervalo plausivel 0-120;"valor convertido em ausencia; registro mantido na base"
197964;691021;1536117;idade;225;idade fora do intervalo plausivel 0-120;"valor convertido em ausencia; registro mantido na base"
197979;691021;1536117;idade;225;idade fora do intervalo plausivel 0-120;"valor convertido em ausencia; registro mantido na base"
197994;691021;1536117;idade;225;idade fora do intervalo plausivel 0-120;"valor convertido em ausencia; registro mantido na base"
198009;691021;1536117;idade;225;idade fora do intervalo plausivel 0-120;"valor convertido em ausencia; registro mantido na base"
198024;691021;1536117;idade;225;idade fora do intervalo plausivel 0-120;"valor convertido em ausencia; registro mantido na base"
198039;691021;1536117;idade;225;idade fora do intervalo plausivel 0-120;"valor convertido em ausencia; registro mantido na base"
198054;691021;1536117;idade;225;idade fora do intervalo plausivel 0-120;"valor convertido em ausencia; registro mantido na base"
198069;691021;1536117;idade;225;idade fora do intervalo plausivel 0-120;"valor convertido em ausencia; registro mantido na base"
198084;691021;1536117;idade;225;idade fora do intervalo plausivel 0-120;"valor convertido em ausencia; registro mantido na base"
198099;691021;1536117;idade;225;idade fora do intervalo plausivel 0-120;"valor convertido em ausencia; registro mantido na base"
198114;691021;1536117;idade;225;idade fora do intervalo plausivel 0-120;"valor convertido em ausencia; registro mantido na base"
198129;691021;1536117;idade;225;idade fora do intervalo plausivel 0-120;"valor convertido em ausencia; registro mantido na base"
198144;691021;1536117;idade;225;idade fora do intervalo plausivel 0-120;"valor convertido em ausencia; registro mantido na base"
198159;691021;1536117;idade;225;idade fora do intervalo plausivel 0-120;"valor convertido em ausencia; registro mantido na base"
198174;691021;1536117;idade;225;idade fora do intervalo plausivel 0-120;"valor convertido em ausencia; registro mantido na base"
198189;691021;1536117;idade;225;idade fora do intervalo plausivel 0-120;"valor convertido em ausencia; registro mantido na base"
198204;691021;1536117;idade;225;idade fora do intervalo plausivel 0-120;"valor convertido em ausencia; registro mantido na base"
198219;691021;1536117;idade;225;idade fora do intervalo plausivel 0-120;"valor convertido em ausencia; registro mantido na base"
198234;691021;1536117;idade;225;idade fora do intervalo plausivel 0-120;"valor convertido em ausencia; registro mantido na base"
198249;691021;1536117;idade;225;idade fora do intervalo plausivel 0-120;"valor convertido em ausencia; registro mantido na base"
198264;691021;1536117;idade;225;idade fora do intervalo plausivel 0-120;"valor convertido em ausencia; registro mantido na base"
198279;691021;1536117;idade;225;idade fora do intervalo plausivel 0-120;"valor convertido em ausencia; registro mantido na base"
198294;691021;1536117;idade;225;idade fora do intervalo plausivel 0-120;"valor convertido em ausencia; registro mantido na base"
198309;691021;1536117;idade;225;idade fora do intervalo plausivel 0-120;"valor convertido em ausencia; registro mantido na base"
198324;691021;1536117;idade;225;idade fora do intervalo plausivel 0-120;"valor convertido em ausencia; registro mantido na base"
198339;691021;1536117;idade;225;idade fora do intervalo plausivel 0-120;"valor convertido em ausencia; registro mantido na base"
203013;691669;1537708;idade;914;idade fora do intervalo plausivel 0-120;"valor convertido em ausencia; registro mantido na base"
203015;691669;1537708;idade;914;idade fora do intervalo plausivel 0-120;"valor convertido em ausencia; registro mantido na base"
209065;692462;1541291;idade;125;idade fora do intervalo plausivel 0-120;"valor convertido em ausencia; registro mantido na base"
209070;692462;1541291;idade;125;idade fora do intervalo plausivel 0-120;"valor convertido em ausencia; registro mantido na base"
209075;692462;1541291;idade;125;idade fora do intervalo plausivel 0-120;"valor convertido em ausencia; registro mantido na base"
209080;692462;1541291;idade;125;idade fora do intervalo plausivel 0-120;"valor convertido em ausencia; registro mantido na base"
209085;692462;1541291;idade;125;idade fora do intervalo plausivel 0-120;"valor convertido em ausencia; registro mantido na base"
209090;692462;1541291;idade;125;idade fora do intervalo plausivel 0-120;"valor convertido em ausencia; registro mantido na base"
216316;693567;1542331;idade;914;idade fora do intervalo plausivel 0-120;"valor convertido em ausencia; registro mantido na base"
216320;693567;1542331;idade;914;idade fora do intervalo plausivel 0-120;"valor convertido em ausencia; registro mantido na base"
216324;693567;1542331;idade;914;idade fora do intervalo plausivel 0-120;"valor convertido em ausencia; registro mantido na base"
216328;693567;1542331;idade;914;idade fora do intervalo plausivel 0-120;"valor convertido em ausencia; registro mantido na base"
216332;693567;1542331;idade;914;idade fora do intervalo plausivel 0-120;"valor convertido em ausencia; registro mantido na base"
216336;693567;1542331;idade;914;idade fora do intervalo plausivel 0-120;"valor convertido em ausencia; registro mantido na base"
216340;693567;1542331;idade;914;idade fora do intervalo plausivel 0-120;"valor convertido em ausencia; registro mantido na base"
216344;693567;1542331;idade;914;idade fora do intervalo plausivel 0-120;"valor convertido em ausencia; registro mantido na base"
216348;693567;1542331;idade;914;idade fora do intervalo plausivel 0-120;"valor convertido em ausencia; registro mantido na base"
216352;693567;1542331;idade;914;idade fora do intervalo plausivel 0-120;"valor convertido em ausencia; registro mantido na base"
221807;694370;1546042;idade;125;idade fora do intervalo plausivel 0-120;"valor convertido em ausencia; registro mantido na base"
221814;694370;1546042;idade;125;idade fora do intervalo plausivel 0-120;"valor convertido em ausencia; registro mantido na base"
221821;694370;1546042;idade;125;idade fora do intervalo plausivel 0-120;"valor convertido em ausencia; registro mantido na base"
226265;695063;1545698;idade;914;idade fora do intervalo plausivel 0-120;"valor convertido em ausencia; registro mantido na base"
258917;699412;1556200;idade;1025;idade fora do intervalo plausivel 0-120;"valor convertido em ausencia; registro mantido na base"
258928;699412;1556200;idade;1025;idade fora do intervalo plausivel 0-120;"valor convertido em ausencia; registro mantido na base"
267525;700615;1559335;idade;2024;idade fora do intervalo plausivel 0-120;"valor convertido em ausencia; registro mantido na base"
267529;700615;1559335;idade;2024;idade fora do intervalo plausivel 0-120;"valor convertido em ausencia; registro mantido na base"
268218;700710;1559363;idade;914;idade fora do intervalo plausivel 0-120;"valor convertido em ausencia; registro mantido na base"
268224;700710;1559363;idade;914;idade fora do intervalo plausivel 0-120;"valor convertido em ausencia; registro mantido na base"
268230;700710;1559363;idade;914;idade fora do intervalo plausivel 0-120;"valor convertido em ausencia; registro mantido na base"
268236;700710;1559363;idade;914;idade fora do intervalo plausivel 0-120;"valor convertido em ausencia; registro mantido na base"
268242;700710;1559363;idade;914;idade fora do intervalo plausivel 0-120;"valor convertido em ausencia; registro mantido na base"
268248;700710;1559363;idade;914;idade fora do intervalo plausivel 0-120;"valor convertido em ausencia; registro mantido na base"
273208;701394;1560942;idade;2024;idade fora do intervalo plausivel 0-120;"valor convertido em ausencia; registro mantido na base"
280650;702471;1563662;idade;125;idade fora do intervalo plausivel 0-120;"valor convertido em ausencia; registro mantido na base"
287527;703396;1567171;idade;125;idade fora do intervalo plausivel 0-120;"valor convertido em ausencia; registro mantido na base"
287529;703396;1567171;idade;125;idade fora do intervalo plausivel 0-120;"valor convertido em ausencia; registro mantido na base"
299066;704979;1569707;idade;127;idade fora do intervalo plausivel 0-120;"valor convertido em ausencia; registro mantido na base"
315522;707199;1575280;idade;914;idade fora do intervalo plausivel 0-120;"valor convertido em ausencia; registro mantido na base"
315524;707199;1575278;idade;914;idade fora do intervalo plausivel 0-120;"valor convertido em ausencia; registro mantido na base"
315525;707199;1575277;idade;914;idade fora do intervalo plausivel 0-120;"valor convertido em ausencia; registro mantido na base"
315527;707199;1575275;idade;914;idade fora do intervalo plausivel 0-120;"valor convertido em ausencia; registro mantido na base"
315528;707199;1575274;idade;914;idade fora do intervalo plausivel 0-120;"valor convertido em ausencia; registro mantido na base"
315530;707199;1575272;idade;914;idade fora do intervalo plausivel 0-120;"valor convertido em ausencia; registro mantido na base"
315531;707199;1575271;idade;914;idade fora do intervalo plausivel 0-120;"valor convertido em ausencia; registro mantido na base"
315532;707199;1575270;idade;914;idade fora do intervalo plausivel 0-120;"valor convertido em ausencia; registro mantido na base"
315534;707199;1575268;idade;914;idade fora do intervalo plausivel 0-120;"valor convertido em ausencia; registro mantido na base"
315535;707199;1575267;idade;914;idade fora do intervalo plausivel 0-120;"valor convertido em ausencia; registro mantido na base"
315536;707199;1575265;idade;914;idade fora do intervalo plausivel 0-120;"valor convertido em ausencia; registro mantido na base"
315537;707199;1575264;idade;914;idade fora do intervalo plausivel 0-120;"valor convertido em ausencia; registro mantido na base"
315538;707199;1575263;idade;914;idade fora do intervalo plausivel 0-120;"valor convertido em ausencia; registro mantido na base"
315549;707199;1575280;idade;914;idade fora do intervalo plausivel 0-120;"valor convertido em ausencia; registro mantido na base"
315551;707199;1575278;idade;914;idade fora do intervalo plausivel 0-120;"valor convertido em ausencia; registro mantido na base"
315552;707199;1575277;idade;914;idade fora do intervalo plausivel 0-120;"valor convertido em ausencia; registro mantido na base"
315554;707199;1575275;idade;914;idade fora do intervalo plausivel 0-120;"valor convertido em ausencia; registro mantido na base"
315555;707199;1575274;idade;914;idade fora do intervalo plausivel 0-120;"valor convertido em ausencia; registro mantido na base"
315557;707199;1575272;idade;914;idade fora do intervalo plausivel 0-120;"valor convertido em ausencia; registro mantido na base"
315558;707199;1575271;idade;914;idade fora do intervalo plausivel 0-120;"valor convertido em ausencia; registro mantido na base"
315559;707199;1575270;idade;914;idade fora do intervalo plausivel 0-120;"valor convertido em ausencia; registro mantido na base"
315561;707199;1575268;idade;914;idade fora do intervalo plausivel 0-120;"valor convertido em ausencia; registro mantido na base"
315562;707199;1575267;idade;914;idade fora do intervalo plausivel 0-120;"valor convertido em ausencia; registro mantido na base"
315563;707199;1575265;idade;914;idade fora do intervalo plausivel 0-120;"valor convertido em ausencia; registro mantido na base"
315564;707199;1575264;idade;914;idade fora do intervalo plausivel 0-120;"valor convertido em ausencia; registro mantido na base"
315565;707199;1575263;idade;914;idade fora do intervalo plausivel 0-120;"valor convertido em ausencia; registro mantido na base"
318702;707636;1576459;idade;914;idade fora do intervalo plausivel 0-120;"valor convertido em ausencia; registro mantido na base"
318706;707636;1576459;idade;914;idade fora do intervalo plausivel 0-120;"valor convertido em ausencia; registro mantido na base"
323753;708395;1578679;idade;1924;idade fora do intervalo plausivel 0-120;"valor convertido em ausencia; registro mantido na base"
332014;709523;1581216;idade;2024;idade fora do intervalo plausivel 0-120;"valor convertido em ausencia; registro mantido na base"
332015;709523;1581215;idade;2024;idade fora do intervalo plausivel 0-120;"valor convertido em ausencia; registro mantido na base"
332016;709523;1581214;idade;2024;idade fora do intervalo plausivel 0-120;"valor convertido em ausencia; registro mantido na base"
332017;709523;1581213;idade;2024;idade fora do intervalo plausivel 0-120;"valor convertido em ausencia; registro mantido na base"
332018;709523;1581212;idade;2024;idade fora do intervalo plausivel 0-120;"valor convertido em ausencia; registro mantido na base"
332019;709523;1581211;idade;2024;idade fora do intervalo plausivel 0-120;"valor convertido em ausencia; registro mantido na base"
332026;709523;1581204;idade;125;idade fora do intervalo plausivel 0-120;"valor convertido em ausencia; registro mantido na base"
332027;709523;1581203;idade;2024;idade fora do intervalo plausivel 0-120;"valor convertido em ausencia; registro mantido na base"
332028;709523;1581202;idade;1024;idade fora do intervalo plausivel 0-120;"valor convertido em ausencia; registro mantido na base"
332031;709523;1581199;idade;2024;idade fora do intervalo plausivel 0-120;"valor convertido em ausencia; registro mantido na base"
332032;709523;1581198;idade;2024;idade fora do intervalo plausivel 0-120;"valor convertido em ausencia; registro mantido na base"
332033;709523;1581197;idade;2024;idade fora do intervalo plausivel 0-120;"valor convertido em ausencia; registro mantido na base"
332034;709523;1581196;idade;2024;idade fora do intervalo plausivel 0-120;"valor convertido em ausencia; registro mantido na base"
332035;709523;1581195;idade;2024;idade fora do intervalo plausivel 0-120;"valor convertido em ausencia; registro mantido na base"
332036;709523;1581194;idade;2024;idade fora do intervalo plausivel 0-120;"valor convertido em ausencia; registro mantido na base"
332037;709523;1581193;idade;2024;idade fora do intervalo plausivel 0-120;"valor convertido em ausencia; registro mantido na base"
332039;709523;1581191;idade;2024;idade fora do intervalo plausivel 0-120;"valor convertido em ausencia; registro mantido na base"
332040;709523;1581190;idade;2024;idade fora do intervalo plausivel 0-120;"valor convertido em ausencia; registro mantido na base"
332041;709523;1581189;idade;2024;idade fora do intervalo plausivel 0-120;"valor convertido em ausencia; registro mantido na base"
332042;709523;1581188;idade;2024;idade fora do intervalo plausivel 0-120;"valor convertido em ausencia; registro mantido na base"
332046;709523;1581216;idade;2024;idade fora do intervalo plausivel 0-120;"valor convertido em ausencia; registro mantido na base"
332047;709523;1581215;idade;2024;idade fora do intervalo plausivel 0-120;"valor convertido em ausencia; registro mantido na base"
332048;709523;1581214;idade;2024;idade fora do intervalo plausivel 0-120;"valor convertido em ausencia; registro mantido na base"
332049;709523;1581213;idade;2024;idade fora do intervalo plausivel 0-120;"valor convertido em ausencia; registro mantido na base"
332050;709523;1581212;idade;2024;idade fora do intervalo plausivel 0-120;"valor convertido em ausencia; registro mantido na base"
332051;709523;1581211;idade;2024;idade fora do intervalo plausivel 0-120;"valor convertido em ausencia; registro mantido na base"
332058;709523;1581204;idade;125;idade fora do intervalo plausivel 0-120;"valor convertido em ausencia; registro mantido na base"
332059;709523;1581203;idade;2024;idade fora do intervalo plausivel 0-120;"valor convertido em ausencia; registro mantido na base"
332060;709523;1581202;idade;1024;idade fora do intervalo plausivel 0-120;"valor convertido em ausencia; registro mantido na base"
332063;709523;1581199;idade;2024;idade fora do intervalo plausivel 0-120;"valor convertido em ausencia; registro mantido na base"
332064;709523;1581198;idade;2024;idade fora do intervalo plausivel 0-120;"valor convertido em ausencia; registro mantido na base"
332065;709523;1581197;idade;2024;idade fora do intervalo plausivel 0-120;"valor convertido em ausencia; registro mantido na base"
332066;709523;1581196;idade;2024;idade fora do intervalo plausivel 0-120;"valor convertido em ausencia; registro mantido na base"
332067;709523;1581195;idade;2024;idade fora do intervalo plausivel 0-120;"valor convertido em ausencia; registro mantido na base"
332068;709523;1581194;idade;2024;idade fora do intervalo plausivel 0-120;"valor convertido em ausencia; registro mantido na base"
332069;709523;1581193;idade;2024;idade fora do intervalo plausivel 0-120;"valor convertido em ausencia; registro mantido na base"
332071;709523;1581191;idade;2024;idade fora do intervalo plausivel 0-120;"valor convertido em ausencia; registro mantido na base"
332072;709523;1581190;idade;2024;idade fora do intervalo plausivel 0-120;"valor convertido em ausencia; registro mantido na base"
332073;709523;1581189;idade;2024;idade fora do intervalo plausivel 0-120;"valor convertido em ausencia; registro mantido na base"
332074;709523;1581188;idade;2024;idade fora do intervalo plausivel 0-120;"valor convertido em ausencia; registro mantido na base"
332078;709523;1581216;idade;2024;idade fora do intervalo plausivel 0-120;"valor convertido em ausencia; registro mantido na base"
332079;709523;1581215;idade;2024;idade fora do intervalo plausivel 0-120;"valor convertido em ausencia; registro mantido na base"
332080;709523;1581214;idade;2024;idade fora do intervalo plausivel 0-120;"valor convertido em ausencia; registro mantido na base"
332081;709523;1581213;idade;2024;idade fora do intervalo plausivel 0-120;"valor convertido em ausencia; registro mantido na base"
332082;709523;1581212;idade;2024;idade fora do intervalo plausivel 0-120;"valor convertido em ausencia; registro mantido na base"
332083;709523;1581211;idade;2024;idade fora do intervalo plausivel 0-120;"valor convertido em ausencia; registro mantido na base"
332090;709523;1581204;idade;125;idade fora do intervalo plausivel 0-120;"valor convertido em ausencia; registro mantido na base"
332091;709523;1581203;idade;2024;idade fora do intervalo plausivel 0-120;"valor convertido em ausencia; registro mantido na base"
332092;709523;1581202;idade;1024;idade fora do intervalo plausivel 0-120;"valor convertido em ausencia; registro mantido na base"
332095;709523;1581199;idade;2024;idade fora do intervalo plausivel 0-120;"valor convertido em ausencia; registro mantido na base"
332096;709523;1581198;idade;2024;idade fora do intervalo plausivel 0-120;"valor convertido em ausencia; registro mantido na base"
332097;709523;1581197;idade;2024;idade fora do intervalo plausivel 0-120;"valor convertido em ausencia; registro mantido na base"
332098;709523;1581196;idade;2024;idade fora do intervalo plausivel 0-120;"valor convertido em ausencia; registro mantido na base"
332099;709523;1581195;idade;2024;idade fora do intervalo plausivel 0-120;"valor convertido em ausencia; registro mantido na base"
332100;709523;1581194;idade;2024;idade fora do intervalo plausivel 0-120;"valor convertido em ausencia; registro mantido na base"
332101;709523;1581193;idade;2024;idade fora do intervalo plausivel 0-120;"valor convertido em ausencia; registro mantido na base"
332103;709523;1581191;idade;2024;idade fora do intervalo plausivel 0-120;"valor convertido em ausencia; registro mantido na base"
332104;709523;1581190;idade;2024;idade fora do intervalo plausivel 0-120;"valor convertido em ausencia; registro mantido na base"
332105;709523;1581189;idade;2024;idade fora do intervalo plausivel 0-120;"valor convertido em ausencia; registro mantido na base"
332106;709523;1581188;idade;2024;idade fora do intervalo plausivel 0-120;"valor convertido em ausencia; registro mantido na base"
332110;709523;1581216;idade;2024;idade fora do intervalo plausivel 0-120;"valor convertido em ausencia; registro mantido na base"
332111;709523;1581215;idade;2024;idade fora do intervalo plausivel 0-120;"valor convertido em ausencia; registro mantido na base"
332112;709523;1581214;idade;2024;idade fora do intervalo plausivel 0-120;"valor convertido em ausencia; registro mantido na base"
332113;709523;1581213;idade;2024;idade fora do intervalo plausivel 0-120;"valor convertido em ausencia; registro mantido na base"
332114;709523;1581212;idade;2024;idade fora do intervalo plausivel 0-120;"valor convertido em ausencia; registro mantido na base"
332115;709523;1581211;idade;2024;idade fora do intervalo plausivel 0-120;"valor convertido em ausencia; registro mantido na base"
332122;709523;1581204;idade;125;idade fora do intervalo plausivel 0-120;"valor convertido em ausencia; registro mantido na base"
332123;709523;1581203;idade;2024;idade fora do intervalo plausivel 0-120;"valor convertido em ausencia; registro mantido na base"
332124;709523;1581202;idade;1024;idade fora do intervalo plausivel 0-120;"valor convertido em ausencia; registro mantido na base"
332127;709523;1581199;idade;2024;idade fora do intervalo plausivel 0-120;"valor convertido em ausencia; registro mantido na base"
332128;709523;1581198;idade;2024;idade fora do intervalo plausivel 0-120;"valor convertido em ausencia; registro mantido na base"
332129;709523;1581197;idade;2024;idade fora do intervalo plausivel 0-120;"valor convertido em ausencia; registro mantido na base"
332130;709523;1581196;idade;2024;idade fora do intervalo plausivel 0-120;"valor convertido em ausencia; registro mantido na base"
332131;709523;1581195;idade;2024;idade fora do intervalo plausivel 0-120;"valor convertido em ausencia; registro mantido na base"
332132;709523;1581194;idade;2024;idade fora do intervalo plausivel 0-120;"valor convertido em ausencia; registro mantido na base"
332133;709523;1581193;idade;2024;idade fora do intervalo plausivel 0-120;"valor convertido em ausencia; registro mantido na base"
332135;709523;1581191;idade;2024;idade fora do intervalo plausivel 0-120;"valor convertido em ausencia; registro mantido na base"
332136;709523;1581190;idade;2024;idade fora do intervalo plausivel 0-120;"valor convertido em ausencia; registro mantido na base"
332137;709523;1581189;idade;2024;idade fora do intervalo plausivel 0-120;"valor convertido em ausencia; registro mantido na base"
332138;709523;1581188;idade;2024;idade fora do intervalo plausivel 0-120;"valor convertido em ausencia; registro mantido na base"
337594;710258;1582998;idade;914;idade fora do intervalo plausivel 0-120;"valor convertido em ausencia; registro mantido na base"
337598;710258;1582998;idade;914;idade fora do intervalo plausivel 0-120;"valor convertido em ausencia; registro mantido na base"
337602;710258;1582998;idade;914;idade fora do intervalo plausivel 0-120;"valor convertido em ausencia; registro mantido na base"
340296;710561;1583727;idade;2024;idade fora do intervalo plausivel 0-120;"valor convertido em ausencia; registro mantido na base"
342144;710839;1584678;idade;914;idade fora do intervalo plausivel 0-120;"valor convertido em ausencia; registro mantido na base"
342149;710839;1584678;idade;914;idade fora do intervalo plausivel 0-120;"valor convertido em ausencia; registro mantido na base"
342154;710839;1584678;idade;914;idade fora do intervalo plausivel 0-120;"valor convertido em ausencia; registro mantido na base"
342267;710856;1584347;idade;125;idade fora do intervalo plausivel 0-120;"valor convertido em ausencia; registro mantido na base"
342269;710856;1584347;idade;125;idade fora do intervalo plausivel 0-120;"valor convertido em ausencia; registro mantido na base"
350847;712128;1587692;idade;125;idade fora do intervalo plausivel 0-120;"valor convertido em ausencia; registro mantido na base"
350848;712128;1587691;idade;125;idade fora do intervalo plausivel 0-120;"valor convertido em ausencia; registro mantido na base"
350881;712128;1587692;idade;125;idade fora do intervalo plausivel 0-120;"valor convertido em ausencia; registro mantido na base"
350882;712128;1587691;idade;125;idade fora do intervalo plausivel 0-120;"valor convertido em ausencia; registro mantido na base"
350915;712128;1587692;idade;125;idade fora do intervalo plausivel 0-120;"valor convertido em ausencia; registro mantido na base"
350916;712128;1587691;idade;125;idade fora do intervalo plausivel 0-120;"valor convertido em ausencia; registro mantido na base"
350949;712128;1587692;idade;125;idade fora do intervalo plausivel 0-120;"valor convertido em ausencia; registro mantido na base"
350950;712128;1587691;idade;125;idade fora do intervalo plausivel 0-120;"valor convertido em ausencia; registro mantido na base"
350983;712128;1587692;idade;125;idade fora do intervalo plausivel 0-120;"valor convertido em ausencia; registro mantido na base"
350984;712128;1587691;idade;125;idade fora do intervalo plausivel 0-120;"valor convertido em ausencia; registro mantido na base"
351017;712128;1587692;idade;125;idade fora do intervalo plausivel 0-120;"valor convertido em ausencia; registro mantido na base"
351018;712128;1587691;idade;125;idade fora do intervalo plausivel 0-120;"valor convertido em ausencia; registro mantido na base"
351051;712128;1587692;idade;125;idade fora do intervalo plausivel 0-120;"valor convertido em ausencia; registro mantido na base"
351052;712128;1587691;idade;125;idade fora do intervalo plausivel 0-120;"valor convertido em ausencia; registro mantido na base"
351085;712128;1587692;idade;125;idade fora do intervalo plausivel 0-120;"valor convertido em ausencia; registro mantido na base"
351086;712128;1587691;idade;125;idade fora do intervalo plausivel 0-120;"valor convertido em ausencia; registro mantido na base"
353517;712462;1588492;idade;2024;idade fora do intervalo plausivel 0-120;"valor convertido em ausencia; registro mantido na base"
360734;713518;1591097;idade;125;idade fora do intervalo plausivel 0-120;"valor convertido em ausencia; registro mantido na base"
361601;713657;1591402;idade;125;idade fora do intervalo plausivel 0-120;"valor convertido em ausencia; registro mantido na base"
366690;714365;1592999;idade;1924;idade fora do intervalo plausivel 0-120;"valor convertido em ausencia; registro mantido na base"
366692;714365;1592999;idade;1924;idade fora do intervalo plausivel 0-120;"valor convertido em ausencia; registro mantido na base"
396079;718402;1602961;idade;125;idade fora do intervalo plausivel 0-120;"valor convertido em ausencia; registro mantido na base"
396081;718402;1602961;idade;125;idade fora do intervalo plausivel 0-120;"valor convertido em ausencia; registro mantido na base"
396083;718402;1602961;idade;125;idade fora do intervalo plausivel 0-120;"valor convertido em ausencia; registro mantido na base"
396085;718402;1602961;idade;125;idade fora do intervalo plausivel 0-120;"valor convertido em ausencia; registro mantido na base"
396087;718402;1602961;idade;125;idade fora do intervalo plausivel 0-120;"valor convertido em ausencia; registro mantido na base"
396089;718402;1602961;idade;125;idade fora do intervalo plausivel 0-120;"valor convertido em ausencia; registro mantido na base"
416873;721292;1613352;idade;1028;idade fora do intervalo plausivel 0-120;"valor convertido em ausencia; registro mantido na base"
416876;721292;1613352;idade;1028;idade fora do intervalo plausivel 0-120;"valor convertido em ausencia; registro mantido na base"
434409;723865;1616203;idade;225;idade fora do intervalo plausivel 0-120;"valor convertido em ausencia; registro mantido na base"
434411;723865;1616203;idade;225;idade fora do intervalo plausivel 0-120;"valor convertido em ausencia; registro mantido na base"
434413;723865;1616203;idade;225;idade fora do intervalo plausivel 0-120;"valor convertido em ausencia; registro mantido na base"
434415;723865;1616203;idade;225;idade fora do intervalo plausivel 0-120;"valor convertido em ausencia; registro mantido na base"
464390;727783;1628065;idade;1924;idade fora do intervalo plausivel 0-120;"valor convertido em ausencia; registro mantido na base"
464391;727783;1628073;idade;1924;idade fora do intervalo plausivel 0-120;"valor convertido em ausencia; registro mantido na base"
464392;727783;1628070;idade;1924;idade fora do intervalo plausivel 0-120;"valor convertido em ausencia; registro mantido na base"
464393;727783;1628064;idade;1924;idade fora do intervalo plausivel 0-120;"valor convertido em ausencia; registro mantido na base"
464396;727783;1628065;idade;1924;idade fora do intervalo plausivel 0-120;"valor convertido em ausencia; registro mantido na base"
464397;727783;1628073;idade;1924;idade fora do intervalo plausivel 0-120;"valor convertido em ausencia; registro mantido na base"
464398;727783;1628070;idade;1924;idade fora do intervalo plausivel 0-120;"valor convertido em ausencia; registro mantido na base"
464399;727783;1628064;idade;1924;idade fora do intervalo plausivel 0-120;"valor convertido em ausencia; registro mantido na base"
464402;727783;1628065;idade;1924;idade fora do intervalo plausivel 0-120;"valor convertido em ausencia; registro mantido na base"
464403;727783;1628073;idade;1924;idade fora do intervalo plausivel 0-120;"valor convertido em ausencia; registro mantido na base"
464404;727783;1628070;idade;1924;idade fora do intervalo plausivel 0-120;"valor convertido em ausencia; registro mantido na base"
464405;727783;1628064;idade;1924;idade fora do intervalo plausivel 0-120;"valor convertido em ausencia; registro mantido na base"
485889;730523;1632466;idade;1025;idade fora do intervalo plausivel 0-120;"valor convertido em ausencia; registro mantido na base"
485893;730523;1632466;idade;1025;idade fora do intervalo plausivel 0-120;"valor convertido em ausencia; registro mantido na base"
485897;730523;1632466;idade;1025;idade fora do intervalo plausivel 0-120;"valor convertido em ausencia; registro mantido na base"
485901;730523;1632466;idade;1025;idade fora do intervalo plausivel 0-120;"valor convertido em ausencia; registro mantido na base"
504462;733053;1638689;idade;225;idade fora do intervalo plausivel 0-120;"valor convertido em ausencia; registro mantido na base"
504770;733098;1638815;idade;914;idade fora do intervalo plausivel 0-120;"valor convertido em ausencia; registro mantido na base"
511285;734038;1641049;idade;914;idade fora do intervalo plausivel 0-120;"valor convertido em ausencia; registro mantido na base"
511286;734038;1641049;idade;914;idade fora do intervalo plausivel 0-120;"valor convertido em ausencia; registro mantido na base"
511287;734038;1641049;idade;914;idade fora do intervalo plausivel 0-120;"valor convertido em ausencia; registro mantido na base"
511288;734038;1641049;idade;914;idade fora do intervalo plausivel 0-120;"valor convertido em ausencia; registro mantido na base"
511289;734038;1641049;idade;914;idade fora do intervalo plausivel 0-120;"valor convertido em ausencia; registro mantido na base"
511290;734038;1641049;idade;914;idade fora do intervalo plausivel 0-120;"valor convertido em ausencia; registro mantido na base"
521076;735236;1644076;idade;914;idade fora do intervalo plausivel 0-120;"valor convertido em ausencia; registro mantido na base"
525933;735911;1645727;idade;1924;idade fora do intervalo plausivel 0-120;"valor convertido em ausencia; registro mantido na base"
525940;735911;1645727;idade;1924;idade fora do intervalo plausivel 0-120;"valor convertido em ausencia; registro mantido na base"
528030;736206;1646486;idade;914;idade fora do intervalo plausivel 0-120;"valor convertido em ausencia; registro mantido na base"
528034;736206;1646486;idade;914;idade fora do intervalo plausivel 0-120;"valor convertido em ausencia; registro mantido na base"
528038;736206;1646486;idade;914;idade fora do intervalo plausivel 0-120;"valor convertido em ausencia; registro mantido na base"
528042;736206;1646486;idade;914;idade fora do intervalo plausivel 0-120;"valor convertido em ausencia; registro mantido na base"
528046;736206;1646486;idade;914;idade fora do intervalo plausivel 0-120;"valor convertido em ausencia; registro mantido na base"
528050;736206;1646486;idade;914;idade fora do intervalo plausivel 0-120;"valor convertido em ausencia; registro mantido na base"
531746;736678;1647626;idade;914;idade fora do intervalo plausivel 0-120;"valor convertido em ausencia; registro mantido na base"
531748;736678;1647626;idade;914;idade fora do intervalo plausivel 0-120;"valor convertido em ausencia; registro mantido na base"
541938;738105;1651098;idade;327;idade fora do intervalo plausivel 0-120;"valor convertido em ausencia; registro mantido na base"
541943;738105;1651098;idade;327;idade fora do intervalo plausivel 0-120;"valor convertido em ausencia; registro mantido na base"
541948;738105;1651098;idade;327;idade fora do intervalo plausivel 0-120;"valor convertido em ausencia; registro mantido na base"
541953;738105;1651098;idade;327;idade fora do intervalo plausivel 0-120;"valor convertido em ausencia; registro mantido na base"
549303;739078;1653353;idade;2024;idade fora do intervalo plausivel 0-120;"valor convertido em ausencia; registro mantido na base"
549305;739078;1653353;idade;2024;idade fora do intervalo plausivel 0-120;"valor convertido em ausencia; registro mantido na base"
553194;739595;1654629;idade;2024;idade fora do intervalo plausivel 0-120;"valor convertido em ausencia; registro mantido na base"
555796;739927;1655640;idade;2024;idade fora do intervalo plausivel 0-120;"valor convertido em ausencia; registro mantido na base"
555799;739927;1655640;idade;2024;idade fora do intervalo plausivel 0-120;"valor convertido em ausencia; registro mantido na base"
555838;739939;1655564;idade;125;idade fora do intervalo plausivel 0-120;"valor convertido em ausencia; registro mantido na base"
566487;741214;1659020;idade;124;idade fora do intervalo plausivel 0-120;"valor convertido em ausencia; registro mantido na base"
570588;741755;1663136;idade;1924;idade fora do intervalo plausivel 0-120;"valor convertido em ausencia; registro mantido na base"
570589;741755;1663135;idade;1924;idade fora do intervalo plausivel 0-120;"valor convertido em ausencia; registro mantido na base"
579477;743841;1666174;idade;2024;idade fora do intervalo plausivel 0-120;"valor convertido em ausencia; registro mantido na base"
